tag,provider,probe,stage,seconds,headers_seconds,body_seconds,body_after_headers_seconds,request_bytes,response_bytes,input_tokens,output_tokens,cache_hit_tokens,http_status,error,response_model,cost_low_usd,cost_high_usd
deepseek_seed0_000_intent,deepseek,False,intent,1.0432521819602698,0.506924303015694,1.0431666991207749,0.5362423961050808,4269,484,1082,7,0,200,,deepseek-flash,0.00016649999999999998,0.00033299999999999996
deepseek_seed0_000_motor,deepseek,False,motor,0.6805086461827159,0.3162005110643804,0.6804148231167346,0.3642143120523542,9603,545,2456,26,256,200,,deepseek-flash,0.000346368,0.000692736
deepseek_seed0_001_intent,deepseek,False,intent,0.9527459437958896,0.31304752081632614,0.9526737728156149,0.6396262519992888,4288,484,1086,7,0,200,,deepseek-flash,0.0001671,0.0003342
deepseek_seed0_001_motor,deepseek,False,motor,0.9452704119030386,0.4691440570168197,0.9452082510106266,0.47606419399380684,9622,545,2460,26,256,200,,deepseek-flash,0.00034696799999999996,0.0006939359999999999
deepseek_seed0_002_intent,deepseek,False,intent,0.6118801340926439,0.3046308041084558,0.6117840160150081,0.3071532119065523,4287,484,1086,7,0,200,,deepseek-flash,0.0001671,0.0003342
deepseek_seed0_002_motor,deepseek,False,motor,1.190167719963938,0.4941368110012263,1.1900766789913177,0.6959398679900914,9620,545,2460,26,256,200,,deepseek-flash,0.00034696799999999996,0.0006939359999999999
deepseek_seed0_003_intent,deepseek,False,intent,1.3865337308961898,0.35691289883106947,1.3864719558041543,1.0295590569730848,4285,484,1086,7,0,200,,deepseek-flash,0.0001671,0.0003342
deepseek_seed0_003_motor,deepseek,False,motor,1.066721006995067,0.47949824994429946,1.066654914058745,0.5871566641144454,9617,545,2460,26,256,200,,deepseek-flash,0.00034696799999999996,0.0006939359999999999
deepseek_seed0_004_intent,deepseek,False,intent,0.9712482311297208,0.3083255970850587,0.9712011751253158,0.6628755780402571,4285,484,1086,7,0,200,,deepseek-flash,0.0001671,0.0003342
deepseek_seed0_004_motor,deepseek,False,motor,0.9889923660084605,0.4660334410145879,0.9889008149039,0.5228673738893121,9617,545,2460,26,256,200,,deepseek-flash,0.00034696799999999996,0.0006939359999999999
deepseek_seed0_005_intent,deepseek,False,intent,0.9512006491422653,0.48324274411424994,0.9511211740318686,0.46787842991761863,4284,484,1086,7,0,200,,deepseek-flash,0.0001671,0.0003342
deepseek_seed0_005_motor,deepseek,False,motor,0.96492566796951,0.31735124601982534,0.9648726128507406,0.6475213668309152,9616,545,2460,26,256,200,,deepseek-flash,0.00034696799999999996,0.0006939359999999999
deepseek_seed0_006_intent,deepseek,False,intent,0.8915781488176435,0.30153460893779993,0.891523172846064,0.589988563908264,4285,484,1086,7,0,200,,deepseek-flash,0.0001671,0.0003342
deepseek_seed0_006_motor,deepseek,False,motor,1.0204113859217614,0.3124355070758611,1.0203273720107973,0.7078918649349362,9617,541,2460,26,256,200,,deepseek-flash,0.00034696799999999996,0.0006939359999999999
deepseek_seed0_007_intent,deepseek,False,intent,0.7364278458990157,0.3077083679381758,0.7363817628938705,0.4286733949556947,4281,484,1086,7,0,200,,deepseek-flash,0.0001671,0.0003342
deepseek_seed0_007_motor,deepseek,False,motor,0.8264371010009199,0.32110297004692256,0.8263780591078103,0.5052750890608877,9611,541,2460,26,256,200,,deepseek-flash,0.00034696799999999996,0.0006939359999999999
deepseek_seed0_008_intent,deepseek,False,intent,0.9845517959911376,0.29878310416825116,0.984493913128972,0.6857108089607209,4281,484,1086,7,0,200,,deepseek-flash,0.0001671,0.0003342
deepseek_seed0_008_motor,deepseek,False,motor,1.0222235729452223,0.5775529509410262,1.0221580869983882,0.44460513605736196,9611,541,2460,26,256,200,,deepseek-flash,0.00034696799999999996,0.0006939359999999999
deepseek_seed0_009_intent,deepseek,False,intent,0.8708163609262556,0.4669788288883865,0.8707297497894615,0.403750920901075,4281,484,1086,7,0,200,,deepseek-flash,0.0001671,0.0003342
deepseek_seed0_009_motor,deepseek,False,motor,0.8278198081534356,0.32636553002521396,0.827756668208167,0.501391138182953,9611,541,2460,26,256,200,,deepseek-flash,0.00034696799999999996,0.0006939359999999999
deepseek_seed0_010_intent,deepseek,False,intent,0.9306930990424007,0.4509633800480515,0.9306321069598198,0.4796687269117683,4280,484,1086,7,0,200,,deepseek-flash,0.0001671,0.0003342
deepseek_seed0_010_motor,deepseek,False,motor,1.2398087130859494,0.49188561202026904,1.2397105521522462,0.7478249401319772,9610,541,2460,26,256,200,,deepseek-flash,0.00034696799999999996,0.0006939359999999999
deepseek_seed0_011_intent,deepseek,False,intent,0.5550168661866337,0.30703416909091175,0.5549337801057845,0.2478996110148728,4281,484,1086,7,0,200,,deepseek-flash,0.0001671,0.0003342
deepseek_seed0_011_motor,deepseek,False,motor,1.1356963298749179,0.47068483592011034,1.1356346309185028,0.6649497949983925,9611,545,2460,26,256,200,,deepseek-flash,0.00034696799999999996,0.0006939359999999999
deepseek_seed0_012_intent,deepseek,False,intent,0.8936117130797356,0.29040478612296283,0.893536661984399,0.6031318758614361,4281,484,1086,7,0,200,,deepseek-flash,0.0001671,0.0003342
deepseek_seed0_012_motor,deepseek,False,motor,0.8277930119074881,0.47886326094157994,0.8277198260184377,0.3488565650768578,9611,541,2460,26,256,200,,deepseek-flash,0.00034696799999999996,0.0006939359999999999
deepseek_seed0_013_intent,deepseek,False,intent,0.7059152778238058,0.2876934418454766,0.705857966793701,0.4181645249482244,4281,484,1086,7,0,200,,deepseek-flash,0.0001671,0.0003342
deepseek_seed0_013_motor,deepseek,False,motor,1.0403529771137983,0.33297812193632126,1.0402882099151611,0.7073100879788399,9611,541,2460,26,256,200,,deepseek-flash,0.00034696799999999996,0.0006939359999999999
deepseek_seed0_014_intent,deepseek,False,intent,0.9073717789724469,0.28142258804291487,0.9073184770531952,0.6258958890102804,4281,484,1086,7,0,200,,deepseek-flash,0.0001671,0.0003342
deepseek_seed0_014_motor,deepseek,False,motor,0.7416976229287684,0.2997305889148265,0.7416220069862902,0.4418914180714637,9611,541,2460,26,256,200,,deepseek-flash,0.00034696799999999996,0.0006939359999999999
deepseek_seed0_015_intent,deepseek,False,intent,0.7729824560228735,0.29112778697162867,0.7729142510797828,0.4817864641081542,4282,484,1086,7,0,200,,deepseek-flash,0.0001671,0.0003342
deepseek_seed0_015_motor,deepseek,False,motor,0.9047953211702406,0.31262565217912197,0.9046758071053773,0.5920501549262553,9613,537,2460,26,256,200,,deepseek-flash,0.00034696799999999996,0.0006939359999999999
deepseek_seed0_016_intent,deepseek,False,intent,0.978955483995378,0.2978034419938922,0.9788528541103005,0.6810494121164083,4283,484,1086,7,0,200,,deepseek-flash,0.0001671,0.0003342
deepseek_seed0_016_motor,deepseek,False,motor,1.0878609840292484,0.33079033507965505,1.087740747956559,0.756950412876904,9614,537,2460,26,256,200,,deepseek-flash,0.00034696799999999996,0.0006939359999999999
deepseek_seed0_017_intent,deepseek,False,intent,1.1376249741297215,0.3065572250634432,1.137567195110023,0.8310099700465798,4283,487,1086,7,256,200,,deepseek-flash,0.000129468,0.000258936
deepseek_seed0_017_motor,deepseek,False,motor,1.1752808240707964,0.3232829871121794,1.1752190659753978,0.8519360788632184,9614,530,2460,19,256,200,,deepseek-flash,0.0003427679999999999,0.0006855359999999998
deepseek_seed0_018_intent,deepseek,False,intent,0.8377875408623368,0.29630233882926404,0.8377379588782787,0.5414356200490147,4283,487,1086,7,256,200,,deepseek-flash,0.000129468,0.000258936
deepseek_seed0_018_motor,deepseek,False,motor,1.1025331220589578,0.32491058204323053,1.102434447966516,0.7775238659232855,9614,537,2460,26,256,200,,deepseek-flash,0.00034696799999999996,0.0006939359999999999
deepseek_seed0_019_intent,deepseek,False,intent,1.0213234859984368,0.5537127798888832,1.0212701179552823,0.4675573380663991,4283,487,1086,7,256,200,,deepseek-flash,0.000129468,0.000258936
deepseek_seed0_019_motor,deepseek,False,motor,0.7072158239316195,0.5902516939677298,0.707148632965982,0.11689693899825215,9614,537,2460,26,256,200,,deepseek-flash,0.00034696799999999996,0.0006939359999999999
deepseek_seed0_020_intent,deepseek,False,intent,0.8957210730295628,0.6095901599619538,0.8956237549427897,0.2860335949808359,4282,487,1086,7,256,200,,deepseek-flash,0.000129468,0.000258936
deepseek_seed0_020_motor,deepseek,False,motor,0.9612962049432099,0.31530162296257913,0.9612426760140806,0.6459410530515015,9613,537,2460,26,256,200,,deepseek-flash,0.00034696799999999996,0.0006939359999999999
deepseek_seed0_021_intent,deepseek,False,intent,0.8257512799464166,0.31164916697889566,0.8256791529711336,0.5140299859922379,4283,487,1086,7,256,200,,deepseek-flash,0.000129468,0.000258936
deepseek_seed0_021_motor,deepseek,False,motor,1.795018111122772,0.3233698941767216,1.7949565751478076,1.471586680971086,9614,537,2460,26,256,200,,deepseek-flash,0.00034696799999999996,0.0006939359999999999
deepseek_seed0_022_intent,deepseek,False,intent,1.4524111358914524,1.4522541998885572,1.4523628279566765,0.00010862806811928749,4283,487,1086,7,256,200,,deepseek-flash,0.000129468,0.000258936
deepseek_seed0_022_motor,deepseek,False,motor,1.9468455070164055,1.9467008551582694,1.946803477127105,0.00010262196883559227,9614,537,2460,26,256,200,,deepseek-flash,0.00034696799999999996,0.0006939359999999999
deepseek_seed0_023_intent,deepseek,False,intent,1.2772907479666173,1.0214179209433496,1.2772298869676888,0.2558119660243392,4283,487,1086,7,256,200,,deepseek-flash,0.000129468,0.000258936
deepseek_seed0_023_motor,deepseek,False,motor,1.0504218500573188,0.5068727659527212,1.050359128974378,0.5434863630216569,9614,537,2460,26,256,200,,deepseek-flash,0.00034696799999999996,0.0006939359999999999
deepseek_seed0_024_intent,deepseek,False,intent,0.7282836891245097,0.6767617180012167,0.7281986800953746,0.051436962094157934,4283,487,1086,7,256,200,,deepseek-flash,0.000129468,0.000258936
deepseek_seed0_024_motor,deepseek,False,motor,1.214658975135535,0.5048619760200381,1.2145894209388644,0.7097274449188262,9614,537,2460,26,256,200,,deepseek-flash,0.00034696799999999996,0.0006939359999999999
deepseek_seed0_025_intent,deepseek,False,intent,0.7027314649894834,0.5893866221886128,0.7026454980950803,0.11325887590646744,4282,487,1086,7,256,200,,deepseek-flash,0.000129468,0.000258936
deepseek_seed0_025_motor,deepseek,False,motor,0.8084213430993259,0.34038347704336047,0.8083264040760696,0.4679429270327091,9613,537,2460,26,256,200,,deepseek-flash,0.00034696799999999996,0.0006939359999999999
deepseek_seed0_026_intent,deepseek,False,intent,1.194013805128634,0.3067326471209526,1.1939038319978863,0.8871711848769337,4283,487,1086,7,256,200,,deepseek-flash,0.000129468,0.000258936
deepseek_seed0_026_motor,deepseek,False,motor,1.0594437618274242,0.47270942595787346,1.059365163790062,0.5866557378321886,9614,537,2460,26,256,200,,deepseek-flash,0.00034696799999999996,0.0006939359999999999
deepseek_seed0_027_intent,deepseek,False,intent,1.2729878569953144,0.29535464802756906,1.2728702600579709,0.9775156120304018,4283,487,1086,7,256,200,,deepseek-flash,0.000129468,0.000258936
deepseek_seed0_027_motor,deepseek,False,motor,0.9374300099443644,0.31544624199159443,0.9373479729983956,0.6219017310068011,9614,537,2460,26,256,200,,deepseek-flash,0.00034696799999999996,0.0006939359999999999
deepseek_seed0_028_intent,deepseek,False,intent,0.729618180077523,0.3128161681815982,0.729571727104485,0.41675555892288685,4283,484,1086,7,0,200,,deepseek-flash,0.0001671,0.0003342
deepseek_seed0_028_motor,deepseek,False,motor,0.7300392941106111,0.32635231618769467,0.7299007619731128,0.40354844578541815,9614,530,2460,19,256,200,,deepseek-flash,0.0003427679999999999,0.0006855359999999998
deepseek_seed0_029_intent,deepseek,False,intent,0.8069075180683285,0.3904034588485956,0.806862069061026,0.41645861021243036,4283,487,1086,7,256,200,,deepseek-flash,0.000129468,0.000258936
deepseek_seed0_029_motor,deepseek,False,motor,0.9473319298122078,0.3337024168577045,0.9472615788690746,0.6135591620113701,9614,530,2460,19,256,200,,deepseek-flash,0.0003427679999999999,0.0006855359999999998
deepseek_seed0_030_intent,deepseek,False,intent,0.5473875598981977,0.48847496998496354,0.5473053569439799,0.05883038695901632,4282,487,1086,7,256,200,,deepseek-flash,0.000129468,0.000258936
deepseek_seed0_030_motor,deepseek,False,motor,0.9997046170756221,0.30766759207472205,0.9996374640613794,0.6919698719866574,9613,537,2460,26,256,200,,deepseek-flash,0.00034696799999999996,0.0006939359999999999
deepseek_seed0_031_intent,deepseek,False,intent,0.7897614690009505,0.5650277768727392,0.7897055980283767,0.2246778211556375,4283,487,1086,7,256,200,,deepseek-flash,0.000129468,0.000258936
deepseek_seed0_031_motor,deepseek,False,motor,1.1376038941089064,0.4768632440827787,1.137511108070612,0.6606478639878333,9614,537,2460,26,256,200,,deepseek-flash,0.00034696799999999996,0.0006939359999999999
deepseek_seed0_032_intent,deepseek,False,intent,1.1121042310260236,0.491171901114285,1.1120569100603461,0.6208850089460611,4284,487,1086,7,256,200,,deepseek-flash,0.000129468,0.000258936
deepseek_seed0_032_motor,deepseek,False,motor,0.8317676400765777,0.3992615411989391,0.8317002411931753,0.43243869999423623,9615,537,2460,26,256,200,,deepseek-flash,0.00034696799999999996,0.0006939359999999999
deepseek_seed0_033_intent,deepseek,False,intent,0.800498436903581,0.291269991081208,0.8004486120771617,0.5091786209959537,4284,487,1086,7,256,200,,deepseek-flash,0.000129468,0.000258936
deepseek_seed0_033_motor,deepseek,False,motor,1.166237766155973,0.44677785807289183,1.1661434990819544,0.7193656410090625,9615,537,2460,26,256,200,,deepseek-flash,0.00034696799999999996,0.0006939359999999999
deepseek_seed0_034_intent,deepseek,False,intent,0.8110102799255401,0.37759828101843596,0.8109476729296148,0.4333493919111788,4284,487,1086,7,256,200,,deepseek-flash,0.000129468,0.000258936
deepseek_seed0_034_motor,deepseek,False,motor,1.0278160120360553,0.3150503181386739,1.0277571151964366,0.7127067970577627,9615,537,2460,26,256,200,,deepseek-flash,0.00034696799999999996,0.0006939359999999999
deepseek_seed0_035_intent,deepseek,False,intent,1.1060674251057208,0.3081716909073293,1.1059886019211262,0.7978169110137969,4283,487,1086,7,256,200,,deepseek-flash,0.000129468,0.000258936
deepseek_seed0_035_motor,deepseek,False,motor,0.7646427769213915,0.34241604595445096,0.764594973064959,0.4221789271105081,9614,537,2460,26,256,200,,deepseek-flash,0.00034696799999999996,0.0006939359999999999
deepseek_seed0_036_intent,deepseek,False,intent,0.608593488112092,0.29161157296039164,0.6085432840045542,0.3169317110441625,4284,487,1086,7,256,200,,deepseek-flash,0.000129468,0.000258936
deepseek_seed0_036_motor,deepseek,False,motor,0.7152134398929775,0.3046799248550087,0.7151352048385888,0.4104552799835801,9615,537,2460,26,256,200,,deepseek-flash,0.00034696799999999996,0.0006939359999999999
deepseek_seed0_037_intent,deepseek,False,intent,0.5838289970997721,0.299370544962585,0.583780876128003,0.28441033116541803,4284,484,1086,7,0,200,,deepseek-flash,0.0001671,0.0003342
deepseek_seed0_037_motor,deepseek,False,motor,1.0671635351609439,0.29918964114040136,1.0670819331426173,0.767892292002216,9615,537,2460,26,256,200,,deepseek-flash,0.00034696799999999996,0.0006939359999999999
deepseek_seed0_038_intent,deepseek,False,intent,0.9146252512000501,0.3152337351348251,0.9145748720038682,0.5993411368690431,4284,487,1086,7,256,200,,deepseek-flash,0.000129468,0.000258936
deepseek_seed0_038_motor,deepseek,False,motor,0.7815314221661538,0.3209765781648457,0.7813632569741458,0.46038667880930007,9615,537,2460,26,256,200,,deepseek-flash,0.00034696799999999996,0.0006939359999999999
deepseek_seed0_039_intent,deepseek,False,intent,1.0249052098952234,0.5721870260313153,1.0248487249482423,0.452661698916927,4284,487,1086,7,256,200,,deepseek-flash,0.000129468,0.000258936
deepseek_seed0_039_motor,deepseek,False,motor,0.6067964499816298,0.33013521507382393,0.6067435229197145,0.2766083078458905,9615,537,2460,26,256,200,,deepseek-flash,0.00034696799999999996,0.0006939359999999999
deepseek_seed0_040_intent,deepseek,False,intent,0.7586219699587673,0.30331325088627636,0.75852250889875,0.4552092580124736,4283,487,1086,7,256,200,,deepseek-flash,0.000129468,0.000258936
deepseek_seed0_040_motor,deepseek,False,motor,1.1879406219813973,0.34255087189376354,1.1878918788861483,0.8453410069923848,9614,537,2460,26,256,200,,deepseek-flash,0.00034696799999999996,0.0006939359999999999
deepseek_seed0_041_intent,deepseek,False,intent,0.9207536638714373,0.3002001619897783,0.9207089808769524,0.6205088188871741,4284,487,1086,7,256,200,,deepseek-flash,0.000129468,0.000258936
deepseek_seed0_041_motor,deepseek,False,motor,0.8558056459296495,0.33417066605761647,0.8557398610282689,0.5215691949706525,9615,537,2460,26,256,200,,deepseek-flash,0.00034696799999999996,0.0006939359999999999
deepseek_seed0_042_intent,deepseek,False,intent,0.9623401530552655,0.3045453380327672,0.9622886660508811,0.657743328018114,4284,487,1086,7,256,200,,deepseek-flash,0.000129468,0.000258936
deepseek_seed0_042_motor,deepseek,False,motor,0.6399988420307636,0.3269884060136974,0.6398831738624722,0.3128947678487748,9615,537,2460,26,256,200,,deepseek-flash,0.00034696799999999996,0.0006939359999999999
deepseek_seed0_043_intent,deepseek,False,intent,0.657677261158824,0.3125249710865319,0.6575982170179486,0.34507324593141675,4284,487,1086,7,256,200,,deepseek-flash,0.000129468,0.000258936
deepseek_seed0_043_motor,deepseek,False,motor,0.8149146710056812,0.3183231330476701,0.8148522081319243,0.49652907508425415,9615,530,2460,19,256,200,,deepseek-flash,0.0003427679999999999,0.0006855359999999998
deepseek_seed0_044_intent,deepseek,False,intent,1.0849645619746298,0.6611289959400892,1.0849137909244746,0.42378479498438537,4284,487,1086,7,256,200,,deepseek-flash,0.000129468,0.000258936
deepseek_seed0_044_motor,deepseek,False,motor,0.8506782019976526,0.3872844090219587,0.8505594080779701,0.46327499905601144,9615,537,2460,26,256,200,,deepseek-flash,0.00034696799999999996,0.0006939359999999999
deepseek_seed0_045_intent,deepseek,False,intent,0.9674663790501654,0.4643739019520581,0.9674178129062057,0.5030439109541476,4283,487,1086,7,256,200,,deepseek-flash,0.000129468,0.000258936
deepseek_seed0_045_motor,deepseek,False,motor,1.0464011949952692,0.35088022402487695,1.0462836280930787,0.6954034040682018,9614,537,2460,26,256,200,,deepseek-flash,0.00034696799999999996,0.0006939359999999999
deepseek_seed0_046_intent,deepseek,False,intent,0.7708080320153385,0.32939830888062716,0.7707201270386577,0.4413218181580305,4284,487,1086,7,256,200,,deepseek-flash,0.000129468,0.000258936
deepseek_seed0_046_motor,deepseek,False,motor,1.0621608209330589,0.3709772168658674,1.0620995629578829,0.6911223460920155,9615,537,2460,26,256,200,,deepseek-flash,0.00034696799999999996,0.0006939359999999999
deepseek_seed0_047_intent,deepseek,False,intent,0.9678006370086223,0.3316486240364611,0.9677132500801235,0.6360646260436624,4284,487,1086,7,256,200,,deepseek-flash,0.000129468,0.000258936
deepseek_seed0_047_motor,deepseek,False,motor,0.8465377800166607,0.3385685170069337,0.8464445918798447,0.507876074872911,9615,537,2460,26,256,200,,deepseek-flash,0.00034696799999999996,0.0006939359999999999
deepseek_seed0_048_intent,deepseek,False,intent,1.0856543299742043,0.4766802170779556,1.0856039631180465,0.6089237460400909,4284,487,1086,7,256,200,,deepseek-flash,0.000129468,0.000258936
deepseek_seed0_048_motor,deepseek,False,motor,0.9836012900341302,0.3534670718945563,0.9835308310575783,0.630063759163022,9615,537,2460,26,256,200,,deepseek-flash,0.00034696799999999996,0.0006939359999999999
deepseek_seed0_049_intent,deepseek,False,intent,1.014816477894783,0.3092412899713963,1.0147069010417908,0.7054656110703945,4284,487,1086,7,256,200,,deepseek-flash,0.000129468,0.000258936
deepseek_seed0_049_motor,deepseek,False,motor,1.2118892930448055,0.4085811690893024,1.211830856045708,0.8032496869564056,9615,537,2460,26,256,200,,deepseek-flash,0.00034696799999999996,0.0006939359999999999
deepseek_seed0_050_intent,deepseek,False,intent,0.6782396049238741,0.30673525598831475,0.6781839139293879,0.3714486579410732,4283,487,1086,7,256,200,,deepseek-flash,0.000129468,0.000258936
deepseek_seed0_050_motor,deepseek,False,motor,1.0824127569794655,0.36440139496698976,1.082360987085849,0.7179595921188593,9614,537,2460,26,256,200,,deepseek-flash,0.00034696799999999996,0.0006939359999999999
deepseek_seed0_051_intent,deepseek,False,intent,0.8228507160674781,0.3204062881413847,0.8227952611632645,0.5023889730218798,4284,487,1086,7,256,200,,deepseek-flash,0.000129468,0.000258936
deepseek_seed0_051_motor,deepseek,False,motor,0.8073934640269727,0.5991909340955317,0.8073318500537425,0.20814091595821083,9615,537,2460,26,256,200,,deepseek-flash,0.00034696799999999996,0.0006939359999999999
deepseek_seed0_052_intent,deepseek,False,intent,0.9035241717938334,0.31615439895540476,0.9034683047793806,0.5873139058239758,4284,487,1086,7,256,200,,deepseek-flash,0.000129468,0.000258936
deepseek_seed0_052_motor,deepseek,False,motor,0.8952262129168957,0.349584334064275,0.8951351139694452,0.5455507799051702,9615,537,2460,26,256,200,,deepseek-flash,0.00034696799999999996,0.0006939359999999999
deepseek_seed0_053_intent,deepseek,False,intent,1.1770167930517346,0.3306677860673517,1.1769342250190675,0.8462664389517158,4284,487,1086,7,256,200,,deepseek-flash,0.000129468,0.000258936
deepseek_seed0_053_motor,deepseek,False,motor,1.1206169629003853,0.43554774997755885,1.1204959128517658,0.6849481628742069,9615,537,2460,26,256,200,,deepseek-flash,0.00034696799999999996,0.0006939359999999999
deepseek_seed0_054_intent,deepseek,False,intent,1.0771492919884622,0.6087329729925841,1.0770903478842229,0.46835737489163876,4284,487,1086,7,256,200,,deepseek-flash,0.000129468,0.000258936
deepseek_seed0_054_motor,deepseek,False,motor,1.1406363658607006,0.4374494899529964,1.1405580940190703,0.7031086040660739,9615,537,2460,26,256,200,,deepseek-flash,0.00034696799999999996,0.0006939359999999999
deepseek_seed0_055_intent,deepseek,False,intent,0.9874475828837603,0.6645612549036741,0.987363605061546,0.32280235015787184,4283,487,1086,7,256,200,,deepseek-flash,0.000129468,0.000258936
deepseek_seed0_055_motor,deepseek,False,motor,0.9779702730011195,0.3630249791312963,0.9778960591647774,0.6148710800334811,9614,537,2460,26,256,200,,deepseek-flash,0.00034696799999999996,0.0006939359999999999
deepseek_seed0_056_intent,deepseek,False,intent,1.0125939240679145,0.3273759849835187,1.0125404431018978,0.6851644581183791,4284,487,1086,7,256,200,,deepseek-flash,0.000129468,0.000258936
deepseek_seed0_056_motor,deepseek,False,motor,0.8214182769879699,0.36112308385781944,0.8213585820049047,0.4602354981470853,9615,537,2460,26,256,200,,deepseek-flash,0.00034696799999999996,0.0006939359999999999
deepseek_seed0_057_intent,deepseek,False,intent,0.7999556448776275,0.330853717867285,0.7999060109723359,0.4690522931050509,4284,487,1086,7,256,200,,deepseek-flash,0.000129468,0.000258936
deepseek_seed0_057_motor,deepseek,False,motor,1.1484934790059924,0.33083746396005154,1.148429846856743,0.8175923828966916,9615,537,2460,26,256,200,,deepseek-flash,0.00034696799999999996,0.0006939359999999999
deepseek_seed0_058_intent,deepseek,False,intent,1.1299771249759942,0.5978354490362108,1.1298847978468984,0.5320493488106877,4284,487,1086,7,256,200,,deepseek-flash,0.000129468,0.000258936
deepseek_seed0_058_motor,deepseek,False,motor,0.975229233969003,0.3654429439920932,0.9751703608781099,0.6097274168860167,9615,537,2460,26,256,200,,deepseek-flash,0.00034696799999999996,0.0006939359999999999
deepseek_seed0_059_intent,deepseek,False,intent,0.9176398220006377,0.8318579408805817,0.9175856469664723,0.08572770608589053,4284,487,1086,7,256,200,,deepseek-flash,0.000129468,0.000258936
deepseek_seed0_059_motor,deepseek,False,motor,1.2926820439752191,0.5397293840069324,1.292581213871017,0.7528518298640847,9615,537,2460,26,256,200,,deepseek-flash,0.00034696799999999996,0.0006939359999999999
deepseek_seed0_060_intent,deepseek,False,intent,0.9719856039155275,0.43464066507294774,0.971923538018018,0.5372828729450703,4283,487,1086,7,256,200,,deepseek-flash,0.000129468,0.000258936
deepseek_seed0_060_motor,deepseek,False,motor,1.0142745869234204,0.480114609003067,1.0142293551471084,0.5341147461440414,9614,537,2460,26,256,200,,deepseek-flash,0.00034696799999999996,0.0006939359999999999
deepseek_seed0_061_intent,deepseek,False,intent,0.828898929990828,0.6404588769655675,0.8288238130044192,0.18836493603885174,4284,487,1086,7,256,200,,deepseek-flash,0.000129468,0.000258936
deepseek_seed0_061_motor,deepseek,False,motor,0.9665195378474891,0.4212970130611211,0.9664587478619069,0.5451617348007858,9615,537,2460,26,256,200,,deepseek-flash,0.00034696799999999996,0.0006939359999999999
deepseek_seed0_062_intent,deepseek,False,intent,0.8493208531290293,0.3764762009959668,0.8492598801385611,0.47278367914259434,4284,487,1086,7,256,200,,deepseek-flash,0.000129468,0.000258936
deepseek_seed0_062_motor,deepseek,False,motor,0.8285038350149989,0.4161643229890615,0.8284442289732397,0.4122799059841782,9615,537,2460,26,256,200,,deepseek-flash,0.00034696799999999996,0.0006939359999999999
deepseek_seed0_063_intent,deepseek,False,intent,1.0661848590243608,0.35662927804514766,1.066115966066718,0.7094866880215704,4284,487,1086,7,256,200,,deepseek-flash,0.000129468,0.000258936
deepseek_seed0_063_motor,deepseek,False,motor,0.9190238311421126,0.42463780008256435,0.9189395201392472,0.4943017200566828,9615,537,2460,26,256,200,,deepseek-flash,0.00034696799999999996,0.0006939359999999999
deepseek_seed0_064_intent,deepseek,False,intent,1.0259825559332967,0.3393776100128889,1.02590340282768,0.6865257928147912,4284,487,1086,7,256,200,,deepseek-flash,0.000129468,0.000258936
deepseek_seed0_064_motor,deepseek,False,motor,1.0434468728490174,0.40126591990701854,1.0433755558915436,0.6421096359845251,9615,537,2460,26,256,200,,deepseek-flash,0.00034696799999999996,0.0006939359999999999
deepseek_seed0_065_intent,deepseek,False,intent,0.678993736859411,0.3954247108194977,0.678948282962665,0.28352357214316726,4283,487,1086,7,256,200,,deepseek-flash,0.000129468,0.000258936
deepseek_seed0_065_motor,deepseek,False,motor,1.0841329309623688,0.6580287229735404,1.0840400329325348,0.4260113099589944,9614,537,2460,26,256,200,,deepseek-flash,0.00034696799999999996,0.0006939359999999999
deepseek_seed0_066_intent,deepseek,False,intent,0.6396390518639237,0.35831582290120423,0.6395889709237963,0.28127314802259207,4284,487,1086,7,256,200,,deepseek-flash,0.000129468,0.000258936
deepseek_seed0_066_motor,deepseek,False,motor,0.8310888009145856,0.3791043011005968,0.8310262160375714,0.45192191493697464,9615,537,2460,26,256,200,,deepseek-flash,0.00034696799999999996,0.0006939359999999999
deepseek_seed0_067_intent,deepseek,False,intent,0.8960188669152558,0.3531075599603355,0.8959621919784695,0.542854632018134,4284,487,1086,7,256,200,,deepseek-flash,0.000129468,0.000258936
deepseek_seed0_067_motor,deepseek,False,motor,1.0491093629971147,0.41572766308672726,1.0489975600503385,0.6332698969636112,9615,537,2460,26,256,200,,deepseek-flash,0.00034696799999999996,0.0006939359999999999
deepseek_seed0_068_intent,deepseek,False,intent,0.8602972631342709,0.3223860929720104,0.8602394531480968,0.5378533601760864,4284,487,1086,7,256,200,,deepseek-flash,0.000129468,0.000258936
deepseek_seed0_068_motor,deepseek,False,motor,1.113281955011189,0.5681234640069306,1.1131206681020558,0.5449972040951252,9615,537,2460,26,256,200,,deepseek-flash,0.00034696799999999996,0.0006939359999999999
deepseek_seed0_069_intent,deepseek,False,intent,1.0403930968604982,0.5218651029281318,1.0403162508737296,0.5184511479455978,4284,487,1086,7,256,200,,deepseek-flash,0.000129468,0.000258936
deepseek_seed0_069_motor,deepseek,False,motor,1.0516667161136866,0.634965165052563,1.051593106938526,0.4166279418859631,9615,537,2460,26,256,200,,deepseek-flash,0.00034696799999999996,0.0006939359999999999
deepseek_seed0_070_intent,deepseek,False,intent,0.6557977511547506,0.3267683449666947,0.6557218241505325,0.32895347918383777,4283,487,1086,7,256,200,,deepseek-flash,0.000129468,0.000258936
deepseek_seed0_070_motor,deepseek,False,motor,1.2571622459217906,0.3716858059633523,1.2571111519355327,0.8854253459721804,9614,537,2460,26,256,200,,deepseek-flash,0.00034696799999999996,0.0006939359999999999
deepseek_seed0_071_intent,deepseek,False,intent,0.9368947010952979,0.32717708218842745,0.936835705069825,0.6096586228813976,4284,487,1086,7,256,200,,deepseek-flash,0.000129468,0.000258936
deepseek_seed0_071_motor,deepseek,False,motor,1.0393311518710107,0.37908809585496783,1.0392578849568963,0.6601697891019285,9615,537,2460,26,256,200,,deepseek-flash,0.00034696799999999996,0.0006939359999999999
deepseek_seed0_072_intent,deepseek,False,intent,0.9260421888902783,0.4377329000271857,0.9259512529242784,0.4882183528970927,4284,487,1086,7,256,200,,deepseek-flash,0.000129468,0.000258936
deepseek_seed0_072_motor,deepseek,False,motor,0.8672807228285819,0.4308366267941892,0.8672091909684241,0.43637256417423487,9615,537,2460,26,256,200,,deepseek-flash,0.00034696799999999996,0.0006939359999999999
deepseek_seed0_073_intent,deepseek,False,intent,1.2144235668238252,0.3505214669276029,1.2143669459037483,0.8638454789761454,4284,487,1086,7,256,200,,deepseek-flash,0.000129468,0.000258936
deepseek_seed0_073_motor,deepseek,False,motor,0.8772781901061535,0.3980480970349163,0.8771840920671821,0.4791359950322658,9615,537,2460,26,256,200,,deepseek-flash,0.00034696799999999996,0.0006939359999999999
deepseek_seed0_074_intent,deepseek,False,intent,1.2061739740893245,0.5019527859985828,1.2061164921615273,0.7041637061629444,4284,487,1086,7,256,200,,deepseek-flash,0.000129468,0.000258936
deepseek_seed0_074_motor,deepseek,False,motor,1.1410793559625745,0.37080583395436406,1.1410200509708375,0.7702142170164734,9615,537,2460,26,256,200,,deepseek-flash,0.00034696799999999996,0.0006939359999999999
deepseek_seed0_075_intent,deepseek,False,intent,1.0152606358751655,0.3209243109449744,1.0151736550033092,0.6942493440583348,4283,487,1086,7,256,200,,deepseek-flash,0.000129468,0.000258936
deepseek_seed0_075_motor,deepseek,False,motor,1.4402491480577737,0.4357601650990546,1.4401556779630482,1.0043955128639936,9614,537,2460,26,256,200,,deepseek-flash,0.00034696799999999996,0.0006939359999999999
deepseek_seed0_076_intent,deepseek,False,intent,0.6502756238915026,0.6501111770048738,0.6502226488664746,0.00011147186160087585,4284,487,1086,7,256,200,,deepseek-flash,0.000129468,0.000258936
deepseek_seed0_076_motor,deepseek,False,motor,0.9958471739664674,0.37038033991120756,0.9957858237903565,0.625405483879149,9615,537,2460,26,256,200,,deepseek-flash,0.00034696799999999996,0.0006939359999999999
deepseek_seed0_077_intent,deepseek,False,intent,0.847917553037405,0.3466048741247505,0.8477033441886306,0.5010984700638801,4284,487,1086,7,256,200,,deepseek-flash,0.000129468,0.000258936
deepseek_seed0_077_motor,deepseek,False,motor,0.9890000661835074,0.40107039897702634,0.9889511191286147,0.5878807201515883,9615,537,2460,26,256,200,,deepseek-flash,0.00034696799999999996,0.0006939359999999999
deepseek_seed0_078_intent,deepseek,False,intent,0.5461580289993435,0.33105002879165113,0.5461008818820119,0.21505085309036076,4284,487,1086,7,256,200,,deepseek-flash,0.000129468,0.000258936
deepseek_seed0_078_motor,deepseek,False,motor,1.1357880090363324,0.4070867309346795,1.1357048158533871,0.7286180849187076,9615,537,2460,26,256,200,,deepseek-flash,0.00034696799999999996,0.0006939359999999999
deepseek_seed0_079_intent,deepseek,False,intent,0.8417505051475018,0.338768620043993,0.8416548701934516,0.5028862501494586,4284,487,1086,7,256,200,,deepseek-flash,0.000129468,0.000258936
deepseek_seed0_079_motor,deepseek,False,motor,1.1722360928542912,0.3727030318696052,1.1721650909166783,0.7994620590470731,9615,537,2460,26,256,200,,deepseek-flash,0.00034696799999999996,0.0006939359999999999
deepseek_seed0_080_intent,deepseek,False,intent,0.8411975849885494,0.31085158605128527,0.84111512103118,0.5302635349798948,4283,487,1086,7,256,200,,deepseek-flash,0.000129468,0.000258936
deepseek_seed0_080_motor,deepseek,False,motor,0.7781866369768977,0.35971092502586544,0.778110875049606,0.41839995002374053,9614,537,2460,26,256,200,,deepseek-flash,0.00034696799999999996,0.0006939359999999999
deepseek_seed0_081_intent,deepseek,False,intent,0.7644796730019152,0.5901180170476437,0.7644318281672895,0.17431381111964583,4284,487,1086,7,256,200,,deepseek-flash,0.000129468,0.000258936
deepseek_seed0_081_motor,deepseek,False,motor,0.8616428601089865,0.36322083603590727,0.8615360099356622,0.4983151738997549,9615,530,2460,19,256,200,,deepseek-flash,0.0003427679999999999,0.0006855359999999998
deepseek_seed0_082_intent,deepseek,False,intent,0.5966134141199291,0.3451345399953425,0.5965568032115698,0.2514222632162273,4284,487,1086,7,256,200,,deepseek-flash,0.000129468,0.000258936
deepseek_seed0_082_motor,deepseek,False,motor,0.8494216001126915,0.37542695202864707,0.8493494240101427,0.4739224719814956,9615,537,2460,26,256,200,,deepseek-flash,0.00034696799999999996,0.0006939359999999999
deepseek_seed0_083_intent,deepseek,False,intent,0.9835581358056515,0.32655001780949533,0.9835003588814288,0.6569503410719335,4284,487,1086,7,256,200,,deepseek-flash,0.000129468,0.000258936
deepseek_seed0_083_motor,deepseek,False,motor,0.9043215168640018,0.3752964499872178,0.9042610609903932,0.5289646110031754,9615,537,2460,26,256,200,,deepseek-flash,0.00034696799999999996,0.0006939359999999999
deepseek_seed0_084_intent,deepseek,False,intent,0.971871973015368,0.3135665440931916,0.9718120968900621,0.6582455527968705,4284,487,1086,7,256,200,,deepseek-flash,0.000129468,0.000258936
deepseek_seed0_084_motor,deepseek,False,motor,2.059677995974198,0.3638073110487312,2.0596146390307695,1.6958073279820383,9615,537,2460,26,256,200,,deepseek-flash,0.00034696799999999996,0.0006939359999999999
deepseek_seed0_085_intent,deepseek,False,intent,1.7052385210990906,1.7051236110273749,1.705203769961372,8.015893399715424e-05,4283,487,1086,7,256,200,,deepseek-flash,0.000129468,0.000258936
deepseek_seed0_085_motor,deepseek,False,motor,1.8008546100463718,1.8007054331246763,1.8008141450118273,0.00010871188715100288,9614,537,2460,26,256,200,,deepseek-flash,0.00034696799999999996,0.0006939359999999999
deepseek_seed0_086_intent,deepseek,False,intent,1.0827101359609514,1.082436443073675,1.0826359710190445,0.00019952794536948204,4284,484,1086,7,0,200,,deepseek-flash,0.0001671,0.0003342
deepseek_seed0_086_motor,deepseek,False,motor,0.8337876019068062,0.5237914070021361,0.8336996471043676,0.3099082401022315,9615,537,2460,26,256,200,,deepseek-flash,0.00034696799999999996,0.0006939359999999999
deepseek_seed0_087_intent,deepseek,False,intent,0.7101576239801943,0.3781276559457183,0.7101058450061828,0.3319781890604645,4284,487,1086,7,256,200,,deepseek-flash,0.000129468,0.000258936
deepseek_seed0_087_motor,deepseek,False,motor,0.842150797136128,0.43405347410589457,0.8420731010846794,0.4080196269787848,9615,537,2460,26,256,200,,deepseek-flash,0.00034696799999999996,0.0006939359999999999
deepseek_seed0_088_intent,deepseek,False,intent,1.0726516109425575,0.3657312800642103,1.072594093857333,0.7068628137931228,4284,487,1086,7,256,200,,deepseek-flash,0.000129468,0.000258936
deepseek_seed0_088_motor,deepseek,False,motor,0.8157333261333406,0.3737528051715344,0.8156078020110726,0.4418549968395382,9615,537,2460,26,256,200,,deepseek-flash,0.00034696799999999996,0.0006939359999999999
deepseek_seed0_089_intent,deepseek,False,intent,0.9822104771155864,0.3047866211272776,0.982154194964096,0.6773675738368183,4284,487,1086,7,256,200,,deepseek-flash,0.000129468,0.000258936
deepseek_seed0_089_motor,deepseek,False,motor,0.968217597110197,0.41505010006949306,0.9681228569243103,0.5530727568548173,9615,537,2460,26,256,200,,deepseek-flash,0.00034696799999999996,0.0006939359999999999
deepseek_seed0_090_intent,deepseek,False,intent,0.640312080970034,0.35776836704462767,0.6402324270457029,0.28246406000107527,4283,487,1086,7,256,200,,deepseek-flash,0.000129468,0.000258936
deepseek_seed0_090_motor,deepseek,False,motor,0.8630896690301597,0.3625235341023654,0.8629526251461357,0.5004290910437703,9614,537,2460,26,256,200,,deepseek-flash,0.00034696799999999996,0.0006939359999999999
deepseek_seed0_091_intent,deepseek,False,intent,0.979507016018033,0.32706713606603444,0.9794340650551021,0.6523669289890677,4284,487,1086,7,256,200,,deepseek-flash,0.000129468,0.000258936
deepseek_seed0_091_motor,deepseek,False,motor,0.8440252230502665,0.35299684409983456,0.843961050035432,0.4909642059355974,9615,537,2460,26,256,200,,deepseek-flash,0.00034696799999999996,0.0006939359999999999
deepseek_seed0_092_intent,deepseek,False,intent,0.7194232069887221,0.30965484911575913,0.7193347800057381,0.409679930889979,4284,487,1086,7,256,200,,deepseek-flash,0.000129468,0.000258936
deepseek_seed0_092_motor,deepseek,False,motor,1.1158050941303372,0.35456867795437574,1.1157134999521077,0.7611448219977319,9615,537,2460,26,256,200,,deepseek-flash,0.00034696799999999996,0.0006939359999999999
deepseek_seed0_093_intent,deepseek,False,intent,0.7402838689740747,0.3241409498732537,0.740226472960785,0.41608552308753133,4284,487,1086,7,256,200,,deepseek-flash,0.000129468,0.000258936
deepseek_seed0_093_motor,deepseek,False,motor,0.6356733420398086,0.35306920390576124,0.6355880750343204,0.2825188711285591,9615,537,2460,26,256,200,,deepseek-flash,0.00034696799999999996,0.0006939359999999999
deepseek_seed0_094_intent,deepseek,False,intent,0.9587334711104631,0.32030962803401053,0.958664498059079,0.6383548700250685,4284,487,1086,7,256,200,,deepseek-flash,0.000129468,0.000258936
deepseek_seed0_094_motor,deepseek,False,motor,0.7227345639839768,0.35405156295746565,0.7226760359480977,0.36862447299063206,9615,537,2460,26,256,200,,deepseek-flash,0.00034696799999999996,0.0006939359999999999
deepseek_seed0_095_intent,deepseek,False,intent,0.9293755521066487,0.324786065146327,0.929322310956195,0.604536245809868,4283,484,1086,7,0,200,,deepseek-flash,0.0001671,0.0003342
deepseek_seed0_095_motor,deepseek,False,motor,1.1386316099669784,0.3838164061307907,1.1385826200712472,0.7547662139404565,9614,537,2460,26,256,200,,deepseek-flash,0.00034696799999999996,0.0006939359999999999
deepseek_seed0_096_intent,deepseek,False,intent,0.6995662981644273,0.3048761000391096,0.6995045142248273,0.3946284141857177,4284,487,1086,7,256,200,,deepseek-flash,0.000129468,0.000258936
deepseek_seed0_096_motor,deepseek,False,motor,1.2509500728920102,0.35374389309436083,1.2508898829109967,0.8971459898166358,9615,537,2460,26,256,200,,deepseek-flash,0.00034696799999999996,0.0006939359999999999
deepseek_seed0_097_intent,deepseek,False,intent,0.8106225521769375,0.36502241622656584,0.8105536561924964,0.4455312399659306,4284,487,1086,7,256,200,,deepseek-flash,0.000129468,0.000258936
deepseek_seed0_097_motor,deepseek,False,motor,0.8853095539379865,0.3671744270250201,0.8852275910321623,0.5180531640071422,9615,537,2460,26,256,200,,deepseek-flash,0.00034696799999999996,0.0006939359999999999
deepseek_seed0_098_intent,deepseek,False,intent,0.9269440770149231,0.34359605982899666,0.9268625660333782,0.5832665062043816,4284,487,1086,7,256,200,,deepseek-flash,0.000129468,0.000258936
deepseek_seed0_098_motor,deepseek,False,motor,1.0042202989570796,0.6393215879797935,1.0041242770384997,0.36480268905870616,9615,537,2460,26,256,200,,deepseek-flash,0.00034696799999999996,0.0006939359999999999
deepseek_seed0_099_intent,deepseek,False,intent,1.0140209018718451,0.5886747119948268,1.0139634439256042,0.42528873193077743,4284,487,1086,7,256,200,,deepseek-flash,0.000129468,0.000258936
deepseek_seed0_099_motor,deepseek,False,motor,1.1923571829684079,0.3690276851411909,1.1922640930861235,0.8232364079449326,9615,537,2460,26,256,200,,deepseek-flash,0.00034696799999999996,0.0006939359999999999
deepseek_seed0_100_intent,deepseek,False,intent,0.9306903739925474,0.31614296208135784,0.9305389861110598,0.614396024029702,4283,487,1086,7,256,200,,deepseek-flash,0.000129468,0.000258936
deepseek_seed0_100_motor,deepseek,False,motor,0.7397186059970409,0.3482008520513773,0.7396154250018299,0.39141457295045257,9614,537,2460,26,256,200,,deepseek-flash,0.00034696799999999996,0.0006939359999999999
deepseek_seed0_101_intent,deepseek,False,intent,0.8895602650009096,0.3056020890362561,0.8895028859842569,0.5839007969480008,4284,487,1086,7,256,200,,deepseek-flash,0.000129468,0.000258936
deepseek_seed0_101_motor,deepseek,False,motor,0.8404330739285797,0.3523372479248792,0.8403407640289515,0.48800351610407233,9615,537,2460,26,256,200,,deepseek-flash,0.00034696799999999996,0.0006939359999999999
deepseek_seed0_102_intent,deepseek,False,intent,0.8661952870897949,0.40761732612736523,0.8661390270572156,0.45852170092985034,4284,487,1086,7,256,200,,deepseek-flash,0.000129468,0.000258936
deepseek_seed0_102_motor,deepseek,False,motor,1.176830210024491,0.36312888702377677,1.176751014078036,0.8136221270542592,9615,537,2460,26,256,200,,deepseek-flash,0.00034696799999999996,0.0006939359999999999
deepseek_seed0_103_intent,deepseek,False,intent,0.6591408918611705,0.308683720882982,0.659091240959242,0.35040752007625997,4284,487,1086,7,256,200,,deepseek-flash,0.000129468,0.000258936
deepseek_seed0_103_motor,deepseek,False,motor,0.8562950631603599,0.6381797860376537,0.8562353071756661,0.2180555211380124,9615,537,2460,26,256,200,,deepseek-flash,0.00034696799999999996,0.0006939359999999999
deepseek_seed0_104_intent,deepseek,False,intent,0.9575714648235589,0.6079516930039972,0.9575123409740627,0.3495606479700655,4284,487,1086,7,256,200,,deepseek-flash,0.000129468,0.000258936
deepseek_seed0_104_motor,deepseek,False,motor,0.7402770428452641,0.37161817704327404,0.7402142828796059,0.36859610583633184,9615,530,2460,19,256,200,,deepseek-flash,0.0003427679999999999,0.0006855359999999998
deepseek_seed0_105_intent,deepseek,False,intent,0.9957014950923622,0.33918726607225835,0.9955872420687228,0.6563999759964645,4283,487,1086,7,256,200,,deepseek-flash,0.000129468,0.000258936
deepseek_seed0_105_motor,deepseek,False,motor,0.8841920418199152,0.4142758478410542,0.8841292939614505,0.46985344612039626,9614,537,2460,26,256,200,,deepseek-flash,0.00034696799999999996,0.0006939359999999999
deepseek_seed0_106_intent,deepseek,False,intent,0.7911155179608613,0.31997233000583947,0.7910530138760805,0.47108068387024105,4284,487,1086,7,256,200,,deepseek-flash,0.000129468,0.000258936
deepseek_seed0_106_motor,deepseek,False,motor,0.9951692810282111,0.3702422168571502,0.9950812698807567,0.6248390530236065,9615,537,2460,26,256,200,,deepseek-flash,0.00034696799999999996,0.0006939359999999999
deepseek_seed0_107_intent,deepseek,False,intent,1.0868874271400273,0.5011032989714295,1.0868381541222334,0.5857348551508039,4284,487,1086,7,256,200,,deepseek-flash,0.000129468,0.000258936
deepseek_seed0_107_motor,deepseek,False,motor,0.8259011630434543,0.37687234696932137,0.8258482050150633,0.4489758580457419,9615,537,2460,26,256,200,,deepseek-flash,0.00034696799999999996,0.0006939359999999999
deepseek_seed0_108_intent,deepseek,False,intent,1.0065737520344555,0.3074753761757165,1.0064168509561568,0.6989414747804403,4284,487,1086,7,256,200,,deepseek-flash,0.000129468,0.000258936
deepseek_seed0_108_motor,deepseek,False,motor,1.3792096991091967,0.3932546740397811,1.3791285750921816,0.9858739010524005,9615,537,2460,26,256,200,,deepseek-flash,0.00034696799999999996,0.0006939359999999999
deepseek_seed0_109_intent,deepseek,False,intent,0.938786945072934,0.5124268070794642,0.9386823959648609,0.4262555888853967,4284,487,1086,7,256,200,,deepseek-flash,0.000129468,0.000258936
deepseek_seed0_109_motor,deepseek,False,motor,0.7167538008652627,0.3510992380324751,0.7167058719787747,0.36560663394629955,9615,537,2460,26,256,200,,deepseek-flash,0.00034696799999999996,0.0006939359999999999
deepseek_seed0_110_intent,deepseek,False,intent,0.7192257649730891,0.3136948209721595,0.7191189399454743,0.40542411897331476,4283,487,1086,7,256,200,,deepseek-flash,0.000129468,0.000258936
deepseek_seed0_110_motor,deepseek,False,motor,1.0199176529422402,0.35788730601780117,1.0198586580809206,0.6619713520631194,9614,537,2460,26,256,200,,deepseek-flash,0.00034696799999999996,0.0006939359999999999
deepseek_seed0_111_intent,deepseek,False,intent,1.0267932361457497,0.31628944212570786,1.0267184781841934,0.7104290360584855,4284,487,1086,7,256,200,,deepseek-flash,0.000129468,0.000258936
deepseek_seed0_111_motor,deepseek,False,motor,1.1381563621107489,0.355667264200747,1.138074923073873,0.7824076588731259,9615,537,2460,26,256,200,,deepseek-flash,0.00034696799999999996,0.0006939359999999999
deepseek_seed0_112_intent,deepseek,False,intent,1.1855994388461113,1.1177724348381162,1.1855116139631718,0.06773917912505567,4284,487,1086,7,256,200,,deepseek-flash,0.000129468,0.000258936
deepseek_seed0_112_motor,deepseek,False,motor,0.804411580087617,0.369053244125098,0.8043371890671551,0.43528394494205713,9615,537,2460,26,256,200,,deepseek-flash,0.00034696799999999996,0.0006939359999999999
deepseek_seed0_113_intent,deepseek,False,intent,0.794846068834886,0.339739928022027,0.7947761379182339,0.45503620989620686,4284,487,1086,7,256,200,,deepseek-flash,0.000129468,0.000258936
deepseek_seed0_113_motor,deepseek,False,motor,0.8112765729892999,0.380920423893258,0.8112083699088544,0.4302879460155964,9615,537,2460,26,256,200,,deepseek-flash,0.00034696799999999996,0.0006939359999999999
deepseek_seed0_114_intent,deepseek,False,intent,0.8991727579850703,0.3496194139588624,0.899116514949128,0.5494971009902656,4284,487,1086,7,256,200,,deepseek-flash,0.000129468,0.000258936
deepseek_seed0_114_motor,deepseek,False,motor,1.0618281671777368,0.3785062071401626,1.0617677110712975,0.6832615039311349,9615,537,2460,26,256,200,,deepseek-flash,0.00034696799999999996,0.0006939359999999999
deepseek_seed0_115_intent,deepseek,False,intent,1.3089081249199808,0.33764268597587943,1.308825015090406,0.9711823291145265,4283,487,1086,7,256,200,,deepseek-flash,0.000129468,0.000258936
deepseek_seed0_115_motor,deepseek,False,motor,0.9809629169758409,0.41496635298244655,0.9808875939343125,0.5659212409518659,9614,537,2460,26,256,200,,deepseek-flash,0.00034696799999999996,0.0006939359999999999
deepseek_seed0_116_intent,deepseek,False,intent,0.8240388550329953,0.32718168711289763,0.8239618230145425,0.4967801359016448,4284,487,1086,7,256,200,,deepseek-flash,0.000129468,0.000258936
deepseek_seed0_116_motor,deepseek,False,motor,0.8151206870097667,0.3559740309137851,0.8150515758898109,0.4590775449760258,9615,537,2460,26,256,200,,deepseek-flash,0.00034696799999999996,0.0006939359999999999
deepseek_seed0_117_intent,deepseek,False,intent,0.6771326691377908,0.30392530909739435,0.6770758901257068,0.37315058102831244,4284,487,1086,7,256,200,,deepseek-flash,0.000129468,0.000258936
deepseek_seed0_117_motor,deepseek,False,motor,0.8225212760735303,0.34598705009557307,0.8224608870223165,0.4764738369267434,9615,537,2460,26,256,200,,deepseek-flash,0.00034696799999999996,0.0006939359999999999
deepseek_seed0_118_intent,deepseek,False,intent,0.7991726570762694,0.3024199600331485,0.7990851050708443,0.49666514503769577,4284,487,1086,7,256,200,,deepseek-flash,0.000129468,0.000258936
deepseek_seed0_118_motor,deepseek,False,motor,0.8148475331254303,0.3450768059119582,0.8146841709967703,0.46960736508481205,9615,537,2460,26,256,200,,deepseek-flash,0.00034696799999999996,0.0006939359999999999
deepseek_seed0_119_intent,deepseek,False,intent,1.3169244159944355,0.5539946819189936,1.3168450349476188,0.7628503530286252,4284,487,1086,7,256,200,,deepseek-flash,0.000129468,0.000258936
deepseek_seed0_119_motor,deepseek,False,motor,0.9741928000003099,0.7084172840695828,0.974106403067708,0.2656891189981252,9615,537,2460,26,256,200,,deepseek-flash,0.00034696799999999996,0.0006939359999999999
deepseek_seed0_120_intent,deepseek,False,intent,1.5972296949476004,0.5398022090084851,1.597167710075155,1.0573655010666698,4283,487,1086,7,256,200,,deepseek-flash,0.000129468,0.000258936
deepseek_seed0_120_motor,deepseek,False,motor,1.1511264280416071,0.6735006810631603,1.1510442909784615,0.4775436099153012,9614,530,2460,19,256,200,,deepseek-flash,0.0003427679999999999,0.0006855359999999998
deepseek_seed0_121_intent,deepseek,False,intent,0.8534201069269329,0.3937293530907482,0.8532800581306219,0.4595507050398737,4284,487,1086,7,256,200,,deepseek-flash,0.000129468,0.000258936
deepseek_seed0_121_motor,deepseek,False,motor,1.03088160417974,0.499236939009279,1.0307485910598189,0.5315116520505399,9615,537,2460,26,256,200,,deepseek-flash,0.00034696799999999996,0.0006939359999999999
deepseek_seed0_122_intent,deepseek,False,intent,0.9075007841456681,0.6532650240696967,0.9074216571170837,0.254156633047387,4284,487,1086,7,256,200,,deepseek-flash,0.000129468,0.000258936
deepseek_seed0_122_motor,deepseek,False,motor,1.0902096859645098,0.4526839170139283,1.0901148039847612,0.6374308869708329,9615,537,2460,26,256,200,,deepseek-flash,0.00034696799999999996,0.0006939359999999999
deepseek_seed0_123_intent,deepseek,False,intent,0.8662088450510055,0.4182772929780185,0.8661538891028613,0.44787659612484276,4284,487,1086,7,256,200,,deepseek-flash,0.000129468,0.000258936
deepseek_seed0_123_motor,deepseek,False,motor,1.0478181280195713,0.43413393408991396,1.0477546111214906,0.6136206770315766,9615,537,2460,26,256,200,,deepseek-flash,0.00034696799999999996,0.0006939359999999999
deepseek_seed0_124_intent,deepseek,False,intent,0.8456953449640423,0.3714499450288713,0.845592332072556,0.4741423870436847,4284,487,1086,7,256,200,,deepseek-flash,0.000129468,0.000258936
deepseek_seed0_124_motor,deepseek,False,motor,1.0448687858879566,0.5605820559430867,1.0447657487820834,0.48418369283899665,9615,537,2460,26,256,200,,deepseek-flash,0.00034696799999999996,0.0006939359999999999
deepseek_seed0_125_intent,deepseek,False,intent,0.9327837298624218,0.36723677394911647,0.9326850879006088,0.5654483139514923,4283,487,1086,7,256,200,,deepseek-flash,0.000129468,0.000258936
deepseek_seed0_125_motor,deepseek,False,motor,0.842530159978196,0.4230042458511889,0.8424627028871328,0.41945845703594387,9614,537,2460,26,256,200,,deepseek-flash,0.00034696799999999996,0.0006939359999999999
deepseek_seed0_126_intent,deepseek,False,intent,0.6364784580655396,0.3560398621484637,0.6363819940015674,0.28034213185310364,4284,487,1086,7,256,200,,deepseek-flash,0.000129468,0.000258936
deepseek_seed0_126_motor,deepseek,False,motor,0.7637096210382879,0.39257938601076603,0.7636085140984505,0.3710291280876845,9615,537,2460,26,256,200,,deepseek-flash,0.00034696799999999996,0.0006939359999999999
deepseek_seed0_127_intent,deepseek,False,intent,0.875764322001487,0.3407525329384953,0.8757080319337547,0.5349554989952594,4284,487,1086,7,256,200,,deepseek-flash,0.000129468,0.000258936
deepseek_seed0_127_motor,deepseek,False,motor,0.8062007199041545,0.37836556206457317,0.8061406000051647,0.4277750379405916,9615,530,2460,19,256,200,,deepseek-flash,0.0003427679999999999,0.0006855359999999998
deepseek_seed0_128_intent,deepseek,False,intent,0.7217745678499341,0.33133118390105665,0.7217180009465665,0.3903868170455098,4284,487,1086,7,256,200,,deepseek-flash,0.000129468,0.000258936
deepseek_seed0_128_motor,deepseek,False,motor,1.632042010081932,0.6245807830709964,1.6319219109136611,1.0073411278426647,9615,537,2460,26,256,200,,deepseek-flash,0.00034696799999999996,0.0006939359999999999
deepseek_seed0_129_intent,deepseek,False,intent,1.1254000200424343,0.3104718739632517,1.1252886629663408,0.8148167890030891,4284,487,1086,7,256,200,,deepseek-flash,0.000129468,0.000258936
deepseek_seed0_129_motor,deepseek,False,motor,1.0591329699382186,0.372607605997473,1.0590735857840627,0.6864659797865897,9615,537,2460,26,256,200,,deepseek-flash,0.00034696799999999996,0.0006939359999999999
deepseek_seed0_130_intent,deepseek,False,intent,0.7276777289807796,0.32898901705630124,0.7275897420477122,0.39860072499141097,4283,487,1086,7,256,200,,deepseek-flash,0.000129468,0.000258936
deepseek_seed0_130_motor,deepseek,False,motor,0.8572008390910923,0.37551176617853343,0.8571418591309339,0.48163009295240045,9614,537,2460,26,256,200,,deepseek-flash,0.00034696799999999996,0.0006939359999999999
deepseek_seed0_131_intent,deepseek,False,intent,0.7719343930948526,0.4066709040198475,0.771826745942235,0.3651558419223875,4284,487,1086,7,256,200,,deepseek-flash,0.000129468,0.000258936
deepseek_seed0_131_motor,deepseek,False,motor,0.8947114581242204,0.3724014610052109,0.894662108970806,0.5222606479655951,9615,537,2460,26,256,200,,deepseek-flash,0.00034696799999999996,0.0006939359999999999
deepseek_seed0_132_intent,deepseek,False,intent,0.6886210099328309,0.33320487081073225,0.6885654209181666,0.3553605501074344,4284,487,1086,7,256,200,,deepseek-flash,0.000129468,0.000258936
deepseek_seed0_132_motor,deepseek,False,motor,1.3166794311255217,0.39872527006082237,1.3166005541570485,0.9178752840962261,9615,537,2460,26,256,200,,deepseek-flash,0.00034696799999999996,0.0006939359999999999
deepseek_seed0_133_intent,deepseek,False,intent,1.0079070481006056,0.345152746187523,1.0078480441588908,0.6626952979713678,4284,487,1086,7,256,200,,deepseek-flash,0.000129468,0.000258936
deepseek_seed0_133_motor,deepseek,False,motor,0.8650163039565086,0.5052418711129576,0.864963784115389,0.3597219130024314,9615,537,2460,26,256,200,,deepseek-flash,0.00034696799999999996,0.0006939359999999999
deepseek_seed0_134_intent,deepseek,False,intent,0.6854995980393142,0.354207196040079,0.6854066809173673,0.33119948487728834,4284,487,1086,7,256,200,,deepseek-flash,0.000129468,0.000258936
deepseek_seed0_134_motor,deepseek,False,motor,1.2426954489201307,0.3632536290679127,1.242634949972853,0.8793813209049404,9615,537,2460,26,256,200,,deepseek-flash,0.00034696799999999996,0.0006939359999999999
deepseek_seed0_135_intent,deepseek,False,intent,0.6779385560657829,0.3101429759990424,0.677860165014863,0.3677171890158206,4283,487,1086,7,256,200,,deepseek-flash,0.000129468,0.000258936
deepseek_seed0_135_motor,deepseek,False,motor,0.9474913019221276,0.3626415969338268,0.9474113369360566,0.5847697400022298,9614,537,2460,26,256,200,,deepseek-flash,0.00034696799999999996,0.0006939359999999999
deepseek_seed0_136_intent,deepseek,False,intent,0.9465652538929135,0.3292885120026767,0.9464911299291998,0.6172026179265231,4284,487,1086,7,256,200,,deepseek-flash,0.000129468,0.000258936
deepseek_seed0_136_motor,deepseek,False,motor,1.1508598530199379,0.39256465109065175,1.1507108630612493,0.7581462119705975,9615,537,2460,26,256,200,,deepseek-flash,0.00034696799999999996,0.0006939359999999999
deepseek_seed0_137_intent,deepseek,False,intent,0.8031519860960543,0.32983100111596286,0.8030961800832301,0.4732651789672673,4284,487,1086,7,256,200,,deepseek-flash,0.000129468,0.000258936
deepseek_seed0_137_motor,deepseek,False,motor,1.0027304959949106,0.5297593739815056,1.0026592230424285,0.47289984906092286,9615,537,2460,26,256,200,,deepseek-flash,0.00034696799999999996,0.0006939359999999999
deepseek_seed0_138_intent,deepseek,False,intent,1.111514471936971,0.38343422184698284,1.1114241569302976,0.7279899350833148,4284,487,1086,7,256,200,,deepseek-flash,0.000129468,0.000258936
deepseek_seed0_138_motor,deepseek,False,motor,1.227033613016829,0.5636404280085117,1.2269640839658678,0.6633236559573561,9615,537,2460,26,256,200,,deepseek-flash,0.00034696799999999996,0.0006939359999999999
deepseek_seed0_139_intent,deepseek,False,intent,0.8014299001079053,0.35038793203420937,0.8013601840939373,0.4509722520597279,4284,487,1086,7,256,200,,deepseek-flash,0.000129468,0.000258936
deepseek_seed0_139_motor,deepseek,False,motor,1.0012878871057183,0.5195459730457515,1.0011805288959295,0.481634555850178,9615,537,2460,26,256,200,,deepseek-flash,0.00034696799999999996,0.0006939359999999999
deepseek_seed0_140_intent,deepseek,False,intent,0.7167162678670138,0.31929233204573393,0.7164537040516734,0.3971613720059395,4283,487,1086,7,256,200,,deepseek-flash,0.000129468,0.000258936
deepseek_seed0_140_motor,deepseek,False,motor,1.1002937050070614,0.3790421821177006,1.1002258390653878,0.7211836569476873,9614,530,2460,19,256,200,,deepseek-flash,0.0003427679999999999,0.0006855359999999998
deepseek_seed0_141_intent,deepseek,False,intent,0.9978350570891052,0.40382311888970435,0.997759573860094,0.5939364549703896,4284,487,1086,7,256,200,,deepseek-flash,0.000129468,0.000258936
deepseek_seed0_141_motor,deepseek,False,motor,0.7742748379241675,0.3782141348347068,0.7742155229207128,0.39600138808600605,9615,530,2460,19,256,200,,deepseek-flash,0.0003427679999999999,0.0006855359999999998
deepseek_seed0_142_intent,deepseek,False,intent,1.212089833104983,0.3575693180318922,1.2120320838876069,0.8544627658557147,4284,487,1086,7,256,200,,deepseek-flash,0.000129468,0.000258936
deepseek_seed0_142_motor,deepseek,False,motor,0.9441120710689574,0.5257904850877821,0.9440148801077157,0.4182243950199336,9615,537,2460,26,256,200,,deepseek-flash,0.00034696799999999996,0.0006939359999999999
deepseek_seed0_143_intent,deepseek,False,intent,0.9632966930512339,0.5984053309075534,0.9632243909873068,0.3648190600797534,4284,487,1086,7,256,200,,deepseek-flash,0.000129468,0.000258936
deepseek_seed0_143_motor,deepseek,False,motor,1.0129565738607198,0.6394186799880117,1.0128863989375532,0.37346771894954145,9615,537,2460,26,256,200,,deepseek-flash,0.00034696799999999996,0.0006939359999999999
deepseek_seed0_144_intent,deepseek,False,intent,0.9043833499308676,0.32330108084715903,0.9043349558487535,0.5810338750015944,4284,484,1086,7,0,200,,deepseek-flash,0.0001671,0.0003342
deepseek_seed0_144_motor,deepseek,False,motor,1.0819028900004923,0.38149592792615294,1.081786934984848,0.700291007058695,9615,537,2460,26,256,200,,deepseek-flash,0.00034696799999999996,0.0006939359999999999
deepseek_seed0_145_intent,deepseek,False,intent,0.8582117620389909,0.3838329880964011,0.8581614799331874,0.47432849183678627,4283,487,1086,7,256,200,,deepseek-flash,0.000129468,0.000258936
deepseek_seed0_145_motor,deepseek,False,motor,0.9349228111095726,0.421854502055794,0.9348612211178988,0.5130067190621048,9614,537,2460,26,256,200,,deepseek-flash,0.00034696799999999996,0.0006939359999999999
deepseek_seed0_146_intent,deepseek,False,intent,0.7536768799182028,0.625247391872108,0.7535867849364877,0.1283393930643797,4284,487,1086,7,256,200,,deepseek-flash,0.000129468,0.000258936
deepseek_seed0_146_motor,deepseek,False,motor,1.1608565880451351,0.6592155820690095,1.1607905440032482,0.5015749619342387,9615,537,2460,26,256,200,,deepseek-flash,0.00034696799999999996,0.0006939359999999999
deepseek_seed0_147_intent,deepseek,False,intent,0.8137537450529635,0.4073587451130152,0.813663044013083,0.4063042989000678,4284,487,1086,7,256,200,,deepseek-flash,0.000129468,0.000258936
deepseek_seed0_147_motor,deepseek,False,motor,2.0102678490802646,1.1749159558676183,2.010105822002515,0.8351898661348969,9615,537,2460,26,256,200,,deepseek-flash,0.00034696799999999996,0.0006939359999999999
deepseek_seed0_148_intent,deepseek,False,intent,2.3527788708452135,2.352634184062481,2.35273195290938,9.776884689927101e-05,4284,487,1086,7,256,200,,deepseek-flash,0.000129468,0.000258936
deepseek_seed0_148_motor,deepseek,False,motor,2.3521610570605844,1.7599774519912899,2.3520162790082395,0.5920388270169497,9615,537,2460,26,256,200,,deepseek-flash,0.00034696799999999996,0.0006939359999999999
deepseek_seed0_149_intent,deepseek,False,intent,0.959497488103807,0.5472387429326773,0.9594411680009216,0.41220242506824434,4284,487,1086,7,256,200,,deepseek-flash,0.000129468,0.000258936
deepseek_seed0_149_motor,deepseek,False,motor,0.9446983460802585,0.42729125008918345,0.944504079176113,0.5172128290869296,9615,537,2460,26,256,200,,deepseek-flash,0.00034696799999999996,0.0006939359999999999
deepseek_seed0_150_intent,deepseek,False,intent,0.9304664109367877,0.3941632700152695,0.9303892329335213,0.5362259629182518,4283,487,1086,7,256,200,,deepseek-flash,0.000129468,0.000258936
deepseek_seed0_150_motor,deepseek,False,motor,1.3095117199700326,0.4388601630926132,1.3094333349727094,0.8705731718800962,9614,537,2460,26,256,200,,deepseek-flash,0.00034696799999999996,0.0006939359999999999
deepseek_seed0_151_intent,deepseek,False,intent,1.862243466079235,0.3423352721147239,1.8621892200317234,1.5198539479169995,4284,487,1086,7,256,200,,deepseek-flash,0.000129468,0.000258936
deepseek_seed0_151_motor,deepseek,False,motor,1.280906501924619,0.4210392509121448,1.2808595020323992,0.8598202511202544,9615,537,2460,26,256,200,,deepseek-flash,0.00034696799999999996,0.0006939359999999999
deepseek_seed0_152_intent,deepseek,False,intent,0.8942182818427682,0.36228510085493326,0.894153204979375,0.5318681041244417,4284,487,1086,7,256,200,,deepseek-flash,0.000129468,0.000258936
deepseek_seed0_152_motor,deepseek,False,motor,0.9071369469165802,0.39001972298137844,0.9070430779829621,0.5170233550015837,9615,537,2460,26,256,200,,deepseek-flash,0.00034696799999999996,0.0006939359999999999
deepseek_seed0_153_intent,deepseek,False,intent,1.4086352980230004,0.5174709470011294,1.4085730789229274,0.891102131921798,4284,484,1086,7,0,200,,deepseek-flash,0.0001671,0.0003342
deepseek_seed0_153_motor,deepseek,False,motor,1.0820927151944488,0.3764352530706674,1.082021983107552,0.7055867300368845,9615,537,2460,26,256,200,,deepseek-flash,0.00034696799999999996,0.0006939359999999999
deepseek_seed0_154_intent,deepseek,False,intent,0.8729509990662336,0.32300611888058484,0.8728921860456467,0.5498860671650618,4284,487,1086,7,256,200,,deepseek-flash,0.000129468,0.000258936
deepseek_seed0_154_motor,deepseek,False,motor,1.0746702670585364,0.41069213300943375,1.0746123460121453,0.6639202130027115,9615,537,2460,26,256,200,,deepseek-flash,0.00034696799999999996,0.0006939359999999999
deepseek_seed0_155_intent,deepseek,False,intent,0.5838507220614702,0.33324246504344046,0.5837871730327606,0.25054470798932016,4283,487,1086,7,256,200,,deepseek-flash,0.000129468,0.000258936
deepseek_seed0_155_motor,deepseek,False,motor,0.8341329859104007,0.3800386867951602,0.8340843138284981,0.45404562703333795,9614,537,2460,26,256,200,,deepseek-flash,0.00034696799999999996,0.0006939359999999999
deepseek_seed0_156_intent,deepseek,False,intent,0.8448142730630934,0.3374281448777765,0.8447239440865815,0.507295799208805,4284,487,1086,7,256,200,,deepseek-flash,0.000129468,0.000258936
deepseek_seed0_156_motor,deepseek,False,motor,1.193199940957129,0.4001880409196019,1.1931175359059125,0.7929294949863106,9615,537,2460,26,256,200,,deepseek-flash,0.00034696799999999996,0.0006939359999999999
deepseek_seed0_157_intent,deepseek,False,intent,0.9094513992313296,0.359800118021667,0.9093659170903265,0.5495657990686595,4284,487,1086,7,256,200,,deepseek-flash,0.000129468,0.000258936
deepseek_seed0_157_motor,deepseek,False,motor,0.9557332559488714,0.40112303383648396,0.9556429318618029,0.554519898025319,9615,537,2460,26,256,200,,deepseek-flash,0.00034696799999999996,0.0006939359999999999
deepseek_seed0_158_intent,deepseek,False,intent,0.9859573149587959,0.3245941379573196,0.9859023969620466,0.661308259004727,4284,487,1086,7,256,200,,deepseek-flash,0.000129468,0.000258936
deepseek_seed0_158_motor,deepseek,False,motor,1.0141647211275995,0.3865109190810472,1.0141031499952078,0.6275922309141606,9615,537,2460,26,256,200,,deepseek-flash,0.00034696799999999996,0.0006939359999999999
deepseek_seed0_159_intent,deepseek,False,intent,1.033879511989653,0.34845513105392456,1.0337972131092101,0.6853420820552856,4284,487,1086,7,256,200,,deepseek-flash,0.000129468,0.000258936
deepseek_seed0_159_motor,deepseek,False,motor,1.3971522361971438,0.4116741451434791,1.3970903870649636,0.9854162419214845,9615,537,2460,26,256,200,,deepseek-flash,0.00034696799999999996,0.0006939359999999999
deepseek_seed1_000_intent,deepseek,False,intent,1.3210658919997513,0.9004424060694873,1.3210134410765022,0.42057103500701487,4269,484,1082,7,0,200,,deepseek-flash,0.00016649999999999998,0.00033299999999999996
deepseek_seed1_000_motor,deepseek,False,motor,0.7216788250952959,0.2966063099447638,0.721530623966828,0.4249243140220642,9603,545,2456,26,256,200,,deepseek-flash,0.000346368,0.000692736
deepseek_seed1_001_intent,deepseek,False,intent,0.8644625619053841,0.29792560194619,0.8644049689173698,0.5664793669711798,4288,484,1086,7,0,200,,deepseek-flash,0.0001671,0.0003342
deepseek_seed1_001_motor,deepseek,False,motor,0.8490847931243479,0.3153094630688429,0.8490231921896338,0.533713729120791,9622,545,2460,26,256,200,,deepseek-flash,0.00034696799999999996,0.0006939359999999999
deepseek_seed1_002_intent,deepseek,False,intent,0.7781301140785217,0.30834335507825017,0.7780726929195225,0.46972933784127235,4287,484,1086,7,0,200,,deepseek-flash,0.0001671,0.0003342
deepseek_seed1_002_motor,deepseek,False,motor,0.9899155700113624,0.30404665297828615,0.9898682639468461,0.68582161096856,9620,545,2460,26,256,200,,deepseek-flash,0.00034696799999999996,0.0006939359999999999
deepseek_seed1_003_intent,deepseek,False,intent,0.7169839330017567,0.35305267898365855,0.7169263139367104,0.3638736349530518,4285,484,1086,7,0,200,,deepseek-flash,0.0001671,0.0003342
deepseek_seed1_003_motor,deepseek,False,motor,0.8559976490214467,0.30464098998345435,0.8559365859255195,0.5512955959420651,9617,545,2460,26,256,200,,deepseek-flash,0.00034696799999999996,0.0006939359999999999
deepseek_seed1_004_intent,deepseek,False,intent,0.7306716630700976,0.30700415186583996,0.7306145979091525,0.42361044604331255,4285,484,1086,7,0,200,,deepseek-flash,0.0001671,0.0003342
deepseek_seed1_004_motor,deepseek,False,motor,0.8470545769669116,0.34716528886929154,0.8469609138555825,0.49979562498629093,9617,545,2460,26,256,200,,deepseek-flash,0.00034696799999999996,0.0006939359999999999
deepseek_seed1_005_intent,deepseek,False,intent,1.1326996597927064,0.4997273648623377,1.132585312006995,0.6328579471446574,4284,484,1086,7,0,200,,deepseek-flash,0.0001671,0.0003342
deepseek_seed1_005_motor,deepseek,False,motor,0.5914228351321071,0.3158468911424279,0.5913694160990417,0.2755225249566138,9616,545,2460,26,256,200,,deepseek-flash,0.00034696799999999996,0.0006939359999999999
deepseek_seed1_006_intent,deepseek,False,intent,0.8485193881206214,0.3054594590794295,0.8484483130741864,0.5429888539947569,4285,484,1086,7,0,200,,deepseek-flash,0.0001671,0.0003342
deepseek_seed1_006_motor,deepseek,False,motor,0.8844852119218558,0.3832262500654906,0.8843841271009296,0.501157877035439,9617,545,2460,26,256,200,,deepseek-flash,0.00034696799999999996,0.0006939359999999999
deepseek_seed1_007_intent,deepseek,False,intent,0.8848896380513906,0.29953623097389936,0.8848199849016964,0.5852837539277971,4283,484,1086,7,0,200,,deepseek-flash,0.0001671,0.0003342
deepseek_seed1_007_motor,deepseek,False,motor,0.6941768690012395,0.3057126922067255,0.6940826310310513,0.3883699388243258,9614,545,2460,26,256,200,,deepseek-flash,0.00034696799999999996,0.0006939359999999999
deepseek_seed1_008_intent,deepseek,False,intent,0.6449799321126193,0.30479670595377684,0.6448863639961928,0.340089658042416,4283,484,1086,7,0,200,,deepseek-flash,0.0001671,0.0003342
deepseek_seed1_008_motor,deepseek,False,motor,0.7386359840165824,0.6063777501694858,0.7385387141257524,0.13216096395626664,9614,545,2460,26,256,200,,deepseek-flash,0.00034696799999999996,0.0006939359999999999
deepseek_seed1_009_intent,deepseek,False,intent,0.7714281710796058,0.28928169002756476,0.771358422935009,0.48207673290744424,4283,484,1086,7,0,200,,deepseek-flash,0.0001671,0.0003342
deepseek_seed1_009_motor,deepseek,False,motor,0.8185169009957463,0.3190075890161097,0.8184551978483796,0.4994476088322699,9614,545,2460,26,256,200,,deepseek-flash,0.00034696799999999996,0.0006939359999999999
deepseek_seed1_010_intent,deepseek,False,intent,0.6734118000604212,0.33941939007490873,0.6733617710415274,0.33394238096661866,4282,484,1086,7,0,200,,deepseek-flash,0.0001671,0.0003342
deepseek_seed1_010_motor,deepseek,False,motor,0.9656036670785397,0.3100009940098971,0.9655298870056868,0.6555288929957896,9613,541,2460,26,256,200,,deepseek-flash,0.00034696799999999996,0.0006939359999999999
deepseek_seed1_011_intent,deepseek,False,intent,0.9290230821352452,0.37587559199891984,0.9289575379807502,0.5530819459818304,4283,484,1086,7,0,200,,deepseek-flash,0.0001671,0.0003342
deepseek_seed1_011_motor,deepseek,False,motor,0.8577116909436882,0.33500142698176205,0.8576509880367666,0.5226495610550046,9614,541,2460,26,256,200,,deepseek-flash,0.00034696799999999996,0.0006939359999999999
deepseek_seed1_012_intent,deepseek,False,intent,0.8281373979989439,0.2897679698653519,0.8280796559993178,0.5383116861339658,4283,484,1086,7,0,200,,deepseek-flash,0.0001671,0.0003342
deepseek_seed1_012_motor,deepseek,False,motor,0.8819521178957075,0.31497123395092785,0.8818539138883352,0.5668826799374074,9614,541,2460,26,256,200,,deepseek-flash,0.00034696799999999996,0.0006939359999999999
deepseek_seed1_013_intent,deepseek,False,intent,0.7719784639775753,0.35779514303430915,0.7719025169499218,0.4141073739156127,4283,484,1086,7,0,200,,deepseek-flash,0.0001671,0.0003342
deepseek_seed1_013_motor,deepseek,False,motor,0.8567359789740294,0.3216716409660876,0.8566736781504005,0.5350020371843129,9614,541,2460,26,256,200,,deepseek-flash,0.00034696799999999996,0.0006939359999999999
deepseek_seed1_014_intent,deepseek,False,intent,0.9580462807789445,0.29547387082129717,0.9579631178639829,0.6624892470426857,4283,484,1086,7,0,200,,deepseek-flash,0.0001671,0.0003342
deepseek_seed1_014_motor,deepseek,False,motor,0.950714219128713,0.30126614891923964,0.9506505210883915,0.6493843721691519,9614,537,2460,26,256,200,,deepseek-flash,0.00034696799999999996,0.0006939359999999999
deepseek_seed1_015_intent,deepseek,False,intent,0.9932100740261376,0.30255638994276524,0.9931513068731874,0.6905949169304222,4282,484,1086,7,0,200,,deepseek-flash,0.0001671,0.0003342
deepseek_seed1_015_motor,deepseek,False,motor,0.6667245849967003,0.30245482991449535,0.666645745979622,0.36419091606512666,9613,537,2460,26,256,200,,deepseek-flash,0.00034696799999999996,0.0006939359999999999
deepseek_seed1_016_intent,deepseek,False,intent,0.6983522057998925,0.5626741088926792,0.6982256500050426,0.13555154111236334,4283,487,1086,7,256,200,,deepseek-flash,0.000129468,0.000258936
deepseek_seed1_016_motor,deepseek,False,motor,0.8539220448583364,0.31117414589971304,0.8538538708817214,0.5426797249820083,9614,537,2460,26,256,200,,deepseek-flash,0.00034696799999999996,0.0006939359999999999
deepseek_seed1_017_intent,deepseek,False,intent,0.7904744942206889,0.3154678631108254,0.7904050080105662,0.4749371448997408,4283,487,1086,7,256,200,,deepseek-flash,0.000129468,0.000258936
deepseek_seed1_017_motor,deepseek,False,motor,1.0654663490131497,0.31673540896736085,1.065405349014327,0.7486699400469661,9614,530,2460,19,256,200,,deepseek-flash,0.0003427679999999999,0.0006855359999999998
deepseek_seed1_018_intent,deepseek,False,intent,0.8269748301245272,0.29530352214351296,0.8269226839765906,0.5316191618330777,4283,487,1086,7,256,200,,deepseek-flash,0.000129468,0.000258936
deepseek_seed1_018_motor,deepseek,False,motor,0.9610026751179248,0.47255415306426585,0.9609419440384954,0.4883877909742296,9614,537,2460,26,256,200,,deepseek-flash,0.00034696799999999996,0.0006939359999999999
deepseek_seed1_019_intent,deepseek,False,intent,1.049682067008689,0.29822232807055116,1.0495884120464325,0.7513660839758813,4283,487,1086,7,256,200,,deepseek-flash,0.000129468,0.000258936
deepseek_seed1_019_motor,deepseek,False,motor,0.952510928036645,0.38828996988013387,0.9524484439752996,0.5641584740951657,9614,537,2460,26,256,200,,deepseek-flash,0.00034696799999999996,0.0006939359999999999
deepseek_seed1_020_intent,deepseek,False,intent,0.5028665619902313,0.3098422649782151,0.5028079629410058,0.19296569796279073,4282,487,1086,7,256,200,,deepseek-flash,0.000129468,0.000258936
deepseek_seed1_020_motor,deepseek,False,motor,0.9360233980696648,0.35209895810112357,0.935961329145357,0.5838623710442334,9613,537,2460,26,256,200,,deepseek-flash,0.00034696799999999996,0.0006939359999999999
deepseek_seed1_021_intent,deepseek,False,intent,0.9689597310498357,0.3014478881377727,0.9689036950003356,0.6674558068625629,4283,487,1086,7,256,200,,deepseek-flash,0.000129468,0.000258936
deepseek_seed1_021_motor,deepseek,False,motor,0.9496769339311868,0.4699450139887631,0.9496090530883521,0.479664039099589,9614,537,2460,26,256,200,,deepseek-flash,0.00034696799999999996,0.0006939359999999999
deepseek_seed1_022_intent,deepseek,False,intent,0.7623749629128724,0.38946704589761794,0.7622776329517365,0.3728105870541185,4283,487,1086,7,256,200,,deepseek-flash,0.000129468,0.000258936
deepseek_seed1_022_motor,deepseek,False,motor,0.9738214630633593,0.3915578390005976,0.9737676151562482,0.5822097761556506,9614,537,2460,26,256,200,,deepseek-flash,0.00034696799999999996,0.0006939359999999999
deepseek_seed1_023_intent,deepseek,False,intent,0.8302473081275821,0.2998023279942572,0.8301679769065231,0.5303656489122659,4283,487,1086,7,256,200,,deepseek-flash,0.000129468,0.000258936
deepseek_seed1_023_motor,deepseek,False,motor,1.4293867978267372,0.32956576789729297,1.429325093049556,1.099759325152263,9614,537,2460,26,256,200,,deepseek-flash,0.00034696799999999996,0.0006939359999999999
deepseek_seed1_024_intent,deepseek,False,intent,0.651056642876938,0.3835859119426459,0.6509947658050805,0.2674088538624346,4283,487,1086,7,256,200,,deepseek-flash,0.000129468,0.000258936
deepseek_seed1_024_motor,deepseek,False,motor,0.8969481489621103,0.36660556588321924,0.8968817249406129,0.5302761590573937,9614,537,2460,26,256,200,,deepseek-flash,0.00034696799999999996,0.0006939359999999999
deepseek_seed1_025_intent,deepseek,False,intent,0.8678103969432414,0.36557572707533836,0.8677229539025575,0.5021472268272191,4282,487,1086,7,256,200,,deepseek-flash,0.000129468,0.000258936
deepseek_seed1_025_motor,deepseek,False,motor,0.965668547898531,0.3772486378438771,0.9655744708143175,0.5883258329704404,9613,537,2460,26,256,200,,deepseek-flash,0.00034696799999999996,0.0006939359999999999
deepseek_seed1_026_intent,deepseek,False,intent,0.9284750940278172,0.2974324650131166,0.928427591919899,0.6309951269067824,4283,487,1086,7,256,200,,deepseek-flash,0.000129468,0.000258936
deepseek_seed1_026_motor,deepseek,False,motor,0.9569605821743608,0.34043642110191286,0.9568997239693999,0.6164633028674871,9614,537,2460,26,256,200,,deepseek-flash,0.00034696799999999996,0.0006939359999999999
deepseek_seed1_027_intent,deepseek,False,intent,0.9892781230155379,0.35051238094456494,0.9892358409706503,0.6387234600260854,4283,484,1086,7,0,200,,deepseek-flash,0.0001671,0.0003342
deepseek_seed1_027_motor,deepseek,False,motor,0.8417389418464154,0.3695645348634571,0.8416791229974478,0.47211458813399076,9614,537,2460,26,256,200,,deepseek-flash,0.00034696799999999996,0.0006939359999999999
deepseek_seed1_028_intent,deepseek,False,intent,0.9212182150222361,0.33231985196471214,0.9211597258690745,0.5888398739043623,4283,487,1086,7,256,200,,deepseek-flash,0.000129468,0.000258936
deepseek_seed1_028_motor,deepseek,False,motor,0.68064966914244,0.6014943341724575,0.6805848451331258,0.07909051096066833,9614,537,2460,26,256,200,,deepseek-flash,0.00034696799999999996,0.0006939359999999999
deepseek_seed1_029_intent,deepseek,False,intent,1.103565386030823,0.28790124715305865,1.103486514184624,0.8155852670315653,4283,487,1086,7,256,200,,deepseek-flash,0.000129468,0.000258936
deepseek_seed1_029_motor,deepseek,False,motor,0.8337362720631063,0.3278858461417258,0.8336507971398532,0.5057649509981275,9614,537,2460,26,256,200,,deepseek-flash,0.00034696799999999996,0.0006939359999999999
deepseek_seed1_030_intent,deepseek,False,intent,0.8137598901521415,0.5586092961020768,0.8136828141286969,0.25507351802662015,4282,487,1086,7,256,200,,deepseek-flash,0.000129468,0.000258936
deepseek_seed1_030_motor,deepseek,False,motor,0.6865500281564891,0.3128549961838871,0.6865038720425218,0.3736488758586347,9613,537,2460,26,256,200,,deepseek-flash,0.00034696799999999996,0.0006939359999999999
deepseek_seed1_031_intent,deepseek,False,intent,0.9241455309092999,0.3214762678835541,0.9240836878307164,0.6026074199471623,4283,487,1086,7,256,200,,deepseek-flash,0.000129468,0.000258936
deepseek_seed1_031_motor,deepseek,False,motor,1.2469594979193062,0.5736740729771554,1.246865491848439,0.6731914188712835,9614,537,2460,26,256,200,,deepseek-flash,0.00034696799999999996,0.0006939359999999999
deepseek_seed1_032_intent,deepseek,False,intent,0.7342429829295725,0.30405687005259097,0.7341752550564706,0.43011838500387967,4284,487,1086,7,256,200,,deepseek-flash,0.000129468,0.000258936
deepseek_seed1_032_motor,deepseek,False,motor,0.9639135249890387,0.5743307359516621,0.9638512469828129,0.3895205110311508,9615,537,2460,26,256,200,,deepseek-flash,0.00034696799999999996,0.0006939359999999999
deepseek_seed1_033_intent,deepseek,False,intent,0.6891033400315791,0.29139290004968643,0.6890459309797734,0.39765303093008697,4284,487,1086,7,256,200,,deepseek-flash,0.000129468,0.000258936
deepseek_seed1_033_motor,deepseek,False,motor,0.7052788930013776,0.3016102579422295,0.7052157430443913,0.40360548510216177,9615,537,2460,26,256,200,,deepseek-flash,0.00034696799999999996,0.0006939359999999999
deepseek_seed1_034_intent,deepseek,False,intent,0.8486751019954681,0.29178141709417105,0.8486176349688321,0.5568362178746611,4284,487,1086,7,256,200,,deepseek-flash,0.000129468,0.000258936
deepseek_seed1_034_motor,deepseek,False,motor,0.6580301960930228,0.3237214561086148,0.6579338370356709,0.3342123809270561,9615,537,2460,26,256,200,,deepseek-flash,0.00034696799999999996,0.0006939359999999999
deepseek_seed1_035_intent,deepseek,False,intent,0.8382912268862128,0.30615198286250234,0.8381995989475399,0.5320476160850376,4283,487,1086,7,256,200,,deepseek-flash,0.000129468,0.000258936
deepseek_seed1_035_motor,deepseek,False,motor,0.6585985878482461,0.33684941893443465,0.6585025989916176,0.3216531800571829,9614,537,2460,26,256,200,,deepseek-flash,0.00034696799999999996,0.0006939359999999999
deepseek_seed1_036_intent,deepseek,False,intent,0.8450004640035331,0.3241110439412296,0.8449429639149457,0.5208319199737161,4284,484,1086,7,0,200,,deepseek-flash,0.0001671,0.0003342
deepseek_seed1_036_motor,deepseek,False,motor,0.7825359301641583,0.5855627080891281,0.7824735871981829,0.1969108791090548,9615,537,2460,26,256,200,,deepseek-flash,0.00034696799999999996,0.0006939359999999999
deepseek_seed1_037_intent,deepseek,False,intent,1.2582534160465002,0.3044263059273362,1.2581939490046352,0.953767643077299,4284,487,1086,7,256,200,,deepseek-flash,0.000129468,0.000258936
deepseek_seed1_037_motor,deepseek,False,motor,0.6639657139312476,0.3230254529044032,0.6638723528012633,0.3408468998968601,9615,537,2460,26,256,200,,deepseek-flash,0.00034696799999999996,0.0006939359999999999
deepseek_seed1_038_intent,deepseek,False,intent,0.7422488408628851,0.31846155086532235,0.7421915889717638,0.4237300381064415,4284,487,1086,7,256,200,,deepseek-flash,0.000129468,0.000258936
deepseek_seed1_038_motor,deepseek,False,motor,0.8629561250563711,0.3216688691172749,0.8628613390028477,0.5411924698855728,9615,537,2460,26,256,200,,deepseek-flash,0.00034696799999999996,0.0006939359999999999
deepseek_seed1_039_intent,deepseek,False,intent,0.8981840831693262,0.5795112340711057,0.8981256620027125,0.31861442793160677,4284,487,1086,7,256,200,,deepseek-flash,0.000129468,0.000258936
deepseek_seed1_039_motor,deepseek,False,motor,0.9202859371434897,0.3098693401552737,0.92022576299496,0.6103564228396863,9615,537,2460,26,256,200,,deepseek-flash,0.00034696799999999996,0.0006939359999999999
deepseek_seed1_040_intent,deepseek,False,intent,0.9336950739379972,0.2880858890712261,0.9336381088942289,0.6455522198230028,4283,487,1086,7,256,200,,deepseek-flash,0.000129468,0.000258936
deepseek_seed1_040_motor,deepseek,False,motor,1.3590771490707994,0.7420661710202694,1.3589802470523864,0.616914076032117,9614,537,2460,26,256,200,,deepseek-flash,0.00034696799999999996,0.0006939359999999999
deepseek_seed1_041_intent,deepseek,False,intent,0.9878206641878933,0.3027575791347772,0.9877317070495337,0.6849741279147565,4284,487,1086,7,256,200,,deepseek-flash,0.000129468,0.000258936
deepseek_seed1_041_motor,deepseek,False,motor,0.7973355890717357,0.5986998360604048,0.7972429720684886,0.19854313600808382,9615,537,2460,26,256,200,,deepseek-flash,0.00034696799999999996,0.0006939359999999999
deepseek_seed1_042_intent,deepseek,False,intent,1.0206781988963485,0.3202173369936645,1.0205245269462466,0.7003071899525821,4284,487,1086,7,256,200,,deepseek-flash,0.000129468,0.000258936
deepseek_seed1_042_motor,deepseek,False,motor,0.8672864881809801,0.3142624259926379,0.8671841691248119,0.552921743132174,9615,537,2460,26,256,200,,deepseek-flash,0.00034696799999999996,0.0006939359999999999
deepseek_seed1_043_intent,deepseek,False,intent,1.152332021156326,0.3754673970397562,1.1522736721672118,0.7768062751274556,4284,487,1086,7,256,200,,deepseek-flash,0.000129468,0.000258936
deepseek_seed1_043_motor,deepseek,False,motor,0.7553378371521831,0.3141081479843706,0.7552768071182072,0.4411686591338366,9615,530,2460,19,256,200,,deepseek-flash,0.0003427679999999999,0.0006855359999999998
deepseek_seed1_044_intent,deepseek,False,intent,0.7582887189928442,0.3130534440279007,0.7582328689750284,0.4451794249471277,4284,487,1086,7,256,200,,deepseek-flash,0.000129468,0.000258936
deepseek_seed1_044_motor,deepseek,False,motor,0.7925261058844626,0.3419646199326962,0.7924652779474854,0.4505006580147892,9615,537,2460,26,256,200,,deepseek-flash,0.00034696799999999996,0.0006939359999999999
deepseek_seed1_045_intent,deepseek,False,intent,0.7948875820729882,0.29149242490530014,0.794828447047621,0.5033360221423209,4283,487,1086,7,256,200,,deepseek-flash,0.000129468,0.000258936
deepseek_seed1_045_motor,deepseek,False,motor,1.0055789940524846,0.3573696359526366,1.0055187060497701,0.6481490700971335,9614,537,2460,26,256,200,,deepseek-flash,0.00034696799999999996,0.0006939359999999999
deepseek_seed1_046_intent,deepseek,False,intent,0.9234471849631518,0.32800615788437426,0.9233862049877644,0.5953800471033901,4284,487,1086,7,256,200,,deepseek-flash,0.000129468,0.000258936
deepseek_seed1_046_motor,deepseek,False,motor,0.759689741069451,0.3214228809811175,0.7595921910833567,0.43816931010223925,9615,537,2460,26,256,200,,deepseek-flash,0.00034696799999999996,0.0006939359999999999
deepseek_seed1_047_intent,deepseek,False,intent,0.9502364660147578,0.335458756191656,0.9501406291965395,0.6146818730048835,4284,487,1086,7,256,200,,deepseek-flash,0.000129468,0.000258936
deepseek_seed1_047_motor,deepseek,False,motor,0.7584277449641377,0.3197803609073162,0.75835818098858,0.4385778200812638,9615,537,2460,26,256,200,,deepseek-flash,0.00034696799999999996,0.0006939359999999999
deepseek_seed1_048_intent,deepseek,False,intent,0.9325499159749597,0.3729422229807824,0.9324414699804038,0.5594992469996214,4284,487,1086,7,256,200,,deepseek-flash,0.000129468,0.000258936
deepseek_seed1_048_motor,deepseek,False,motor,0.8495823438279331,0.5995741339866072,0.8494866190012544,0.24991248501464725,9615,537,2460,26,256,200,,deepseek-flash,0.00034696799999999996,0.0006939359999999999
deepseek_seed1_049_intent,deepseek,False,intent,0.7490562580060214,0.3044800339266658,0.7489941259846091,0.44451409205794334,4284,487,1086,7,256,200,,deepseek-flash,0.000129468,0.000258936
deepseek_seed1_049_motor,deepseek,False,motor,0.8671987729612738,0.3470679400488734,0.8671001631300896,0.5200322230812162,9615,537,2460,26,256,200,,deepseek-flash,0.00034696799999999996,0.0006939359999999999
deepseek_seed1_050_intent,deepseek,False,intent,0.7427629171870649,0.29340452305041254,0.7427041940391064,0.44929967098869383,4283,487,1086,7,256,200,,deepseek-flash,0.000129468,0.000258936
deepseek_seed1_050_motor,deepseek,False,motor,0.9772085999138653,0.32798308483324945,0.9771110028959811,0.6491279180627316,9614,537,2460,26,256,200,,deepseek-flash,0.00034696799999999996,0.0006939359999999999
deepseek_seed1_051_intent,deepseek,False,intent,0.7600766259711236,0.3118492909707129,0.7599818769376725,0.4481325859669596,4284,487,1086,7,256,200,,deepseek-flash,0.000129468,0.000258936
deepseek_seed1_051_motor,deepseek,False,motor,0.8932516020722687,0.40953008318319917,0.893155966186896,0.4836258830036968,9615,537,2460,26,256,200,,deepseek-flash,0.00034696799999999996,0.0006939359999999999
deepseek_seed1_052_intent,deepseek,False,intent,0.9858441220130771,0.3457581880502403,0.9857491950970143,0.639991007046774,4284,487,1086,7,256,200,,deepseek-flash,0.000129468,0.000258936
deepseek_seed1_052_motor,deepseek,False,motor,1.0876758079975843,0.3440210570115596,1.087605938082561,0.7435848810710013,9615,537,2460,26,256,200,,deepseek-flash,0.00034696799999999996,0.0006939359999999999
deepseek_seed1_053_intent,deepseek,False,intent,0.917603017995134,0.32144897314719856,0.9175418370869011,0.5960928639397025,4284,487,1086,7,256,200,,deepseek-flash,0.000129468,0.000258936
deepseek_seed1_053_motor,deepseek,False,motor,0.6763125511351973,0.3239015219733119,0.6762480749748647,0.3523465530015528,9615,537,2460,26,256,200,,deepseek-flash,0.00034696799999999996,0.0006939359999999999
deepseek_seed1_054_intent,deepseek,False,intent,0.7332257491070777,0.30134809110313654,0.7331328769214451,0.4317847858183086,4284,487,1086,7,256,200,,deepseek-flash,0.000129468,0.000258936
deepseek_seed1_054_motor,deepseek,False,motor,0.9562035789713264,0.3283622288145125,0.9561393610201776,0.6277771322056651,9615,537,2460,26,256,200,,deepseek-flash,0.00034696799999999996,0.0006939359999999999
deepseek_seed1_055_intent,deepseek,False,intent,1.594099482987076,0.3154613410588354,1.5940081558655947,1.2785468148067594,4283,487,1086,7,256,200,,deepseek-flash,0.000129468,0.000258936
deepseek_seed1_055_motor,deepseek,False,motor,2.2855222278740257,1.6244648089632392,2.285424840869382,0.6609600319061428,9614,537,2460,26,256,200,,deepseek-flash,0.00034696799999999996,0.0006939359999999999
deepseek_seed1_056_intent,deepseek,False,intent,1.2440385890658945,0.8309466149657965,1.243977417005226,0.41303080203942955,4284,487,1086,7,256,200,,deepseek-flash,0.000129468,0.000258936
deepseek_seed1_056_motor,deepseek,False,motor,0.7394704951439053,0.3249536470975727,0.7394086981657892,0.41445505106821656,9615,537,2460,26,256,200,,deepseek-flash,0.00034696799999999996,0.0006939359999999999
deepseek_seed1_057_intent,deepseek,False,intent,1.0084990779869258,0.41689651808701456,1.0084024909883738,0.5915059729013592,4284,487,1086,7,256,200,,deepseek-flash,0.000129468,0.000258936
deepseek_seed1_057_motor,deepseek,False,motor,0.6993735760916024,0.3545611221343279,0.699307651957497,0.3447465298231691,9615,537,2460,26,256,200,,deepseek-flash,0.00034696799999999996,0.0006939359999999999
deepseek_seed1_058_intent,deepseek,False,intent,1.0009430809877813,0.2905995980836451,1.000850518932566,0.7102509208489209,4284,487,1086,7,256,200,,deepseek-flash,0.000129468,0.000258936
deepseek_seed1_058_motor,deepseek,False,motor,1.0336866190191358,0.33867357298731804,1.0335893530864269,0.6949157800991088,9615,537,2460,26,256,200,,deepseek-flash,0.00034696799999999996,0.0006939359999999999
deepseek_seed1_059_intent,deepseek,False,intent,0.9847855949774384,0.306610562838614,0.9847244918346405,0.6781139289960265,4284,487,1086,7,256,200,,deepseek-flash,0.000129468,0.000258936
deepseek_seed1_059_motor,deepseek,False,motor,0.809844764880836,0.33326431387104094,0.8097813008353114,0.4765169869642705,9615,537,2460,26,256,200,,deepseek-flash,0.00034696799999999996,0.0006939359999999999
deepseek_seed1_060_intent,deepseek,False,intent,0.5102460670750588,0.30132567207328975,0.5101836370304227,0.20885796495713294,4283,487,1086,7,256,200,,deepseek-flash,0.000129468,0.000258936
deepseek_seed1_060_motor,deepseek,False,motor,0.8429728539194912,0.42088611400686204,0.8429112751036882,0.4220251610968262,9614,537,2460,26,256,200,,deepseek-flash,0.00034696799999999996,0.0006939359999999999
deepseek_seed1_061_intent,deepseek,False,intent,0.8541378090158105,0.3196994869504124,0.8540793810971081,0.5343798941466957,4284,487,1086,7,256,200,,deepseek-flash,0.000129468,0.000258936
deepseek_seed1_061_motor,deepseek,False,motor,0.7669773558154702,0.3092881909105927,0.7668809138704091,0.45759272295981646,9615,537,2460,26,256,200,,deepseek-flash,0.00034696799999999996,0.0006939359999999999
deepseek_seed1_062_intent,deepseek,False,intent,0.7352812851313502,0.2991248881444335,0.7352227510418743,0.4360978628974408,4284,487,1086,7,256,200,,deepseek-flash,0.000129468,0.000258936
deepseek_seed1_062_motor,deepseek,False,motor,0.9057920260820538,0.3096415719483048,0.905693715903908,0.5960521439556032,9615,537,2460,26,256,200,,deepseek-flash,0.00034696799999999996,0.0006939359999999999
deepseek_seed1_063_intent,deepseek,False,intent,0.9737347029149532,0.3036978249438107,0.9736745909322053,0.6699767659883946,4284,487,1086,7,256,200,,deepseek-flash,0.000129468,0.000258936
deepseek_seed1_063_motor,deepseek,False,motor,1.0309630820993334,0.31445018411614,1.0308794539887458,0.7164292698726058,9615,537,2460,26,256,200,,deepseek-flash,0.00034696799999999996,0.0006939359999999999
deepseek_seed1_064_intent,deepseek,False,intent,1.0264203071128577,0.32408697810024023,1.0263267261907458,0.7022397480905056,4284,487,1086,7,256,200,,deepseek-flash,0.000129468,0.000258936
deepseek_seed1_064_motor,deepseek,False,motor,0.9640194890089333,0.31129459710791707,0.9639206291176379,0.6526260320097208,9615,537,2460,26,256,200,,deepseek-flash,0.00034696799999999996,0.0006939359999999999
deepseek_seed1_065_intent,deepseek,False,intent,0.7118082218803465,0.3130267809610814,0.7117465857882053,0.3987198048271239,4283,487,1086,7,256,200,,deepseek-flash,0.000129468,0.000258936
deepseek_seed1_065_motor,deepseek,False,motor,1.0759760101791471,0.3181985071860254,1.075910200132057,0.7577116929460317,9614,537,2460,26,256,200,,deepseek-flash,0.00034696799999999996,0.0006939359999999999
deepseek_seed1_066_intent,deepseek,False,intent,0.6951002469286323,0.30748887080699205,0.6950390238780528,0.3875501530710608,4284,487,1086,7,256,200,,deepseek-flash,0.000129468,0.000258936
deepseek_seed1_066_motor,deepseek,False,motor,1.0828979560174048,0.325373301981017,1.0828315319959074,0.7574582300148904,9615,537,2460,26,256,200,,deepseek-flash,0.00034696799999999996,0.0006939359999999999
deepseek_seed1_067_intent,deepseek,False,intent,1.004994090879336,0.3021288358140737,1.004932606825605,0.7028037710115314,4284,487,1086,7,256,200,,deepseek-flash,0.000129468,0.000258936
deepseek_seed1_067_motor,deepseek,False,motor,0.9156125131994486,0.3153976211324334,0.9155497830361128,0.6001521619036794,9615,537,2460,26,256,200,,deepseek-flash,0.00034696799999999996,0.0006939359999999999
deepseek_seed1_068_intent,deepseek,False,intent,0.9835667440202087,0.31884872703813016,0.9835069430992007,0.6646582160610706,4284,487,1086,7,256,200,,deepseek-flash,0.000129468,0.000258936
deepseek_seed1_068_motor,deepseek,False,motor,1.0261146719567478,0.32533647888340056,1.0260193028952926,0.7006828240118921,9615,537,2460,26,256,200,,deepseek-flash,0.00034696799999999996,0.0006939359999999999
deepseek_seed1_069_intent,deepseek,False,intent,0.9631935099605471,0.3548558990005404,0.9631352939177305,0.6082793949171901,4284,487,1086,7,256,200,,deepseek-flash,0.000129468,0.000258936
deepseek_seed1_069_motor,deepseek,False,motor,0.8092874570284039,0.32228764705359936,0.8092240069527179,0.48693635989911854,9615,537,2460,26,256,200,,deepseek-flash,0.00034696799999999996,0.0006939359999999999
deepseek_seed1_070_intent,deepseek,False,intent,0.7675181110389531,0.28738082596100867,0.76745146792382,0.48007064196281135,4283,487,1086,7,256,200,,deepseek-flash,0.000129468,0.000258936
deepseek_seed1_070_motor,deepseek,False,motor,0.9811767819337547,0.355756273958832,0.9810681699309498,0.6253118959721178,9614,537,2460,26,256,200,,deepseek-flash,0.00034696799999999996,0.0006939359999999999
deepseek_seed1_071_intent,deepseek,False,intent,0.9104820608627051,0.30501441680826247,0.9104224590118974,0.605408042203635,4284,487,1086,7,256,200,,deepseek-flash,0.000129468,0.000258936
deepseek_seed1_071_motor,deepseek,False,motor,1.0236853419337422,0.3060066569596529,1.023586368886754,0.717579711927101,9615,537,2460,26,256,200,,deepseek-flash,0.00034696799999999996,0.0006939359999999999
deepseek_seed1_072_intent,deepseek,False,intent,1.3288317860569805,0.32331556314602494,1.3287706500850618,1.0054550869390368,4284,487,1086,7,256,200,,deepseek-flash,0.000129468,0.000258936
deepseek_seed1_072_motor,deepseek,False,motor,1.2820388660766184,0.38997270399704576,1.281938592204824,0.8919658882077783,9615,537,2460,26,256,200,,deepseek-flash,0.00034696799999999996,0.0006939359999999999
deepseek_seed1_073_intent,deepseek,False,intent,1.0883871300611645,0.30846011405810714,1.0883252578787506,0.7798651438206434,4284,487,1086,7,256,200,,deepseek-flash,0.000129468,0.000258936
deepseek_seed1_073_motor,deepseek,False,motor,1.1290294220671058,0.31162236304953694,1.128933283034712,0.8173109199851751,9615,537,2460,26,256,200,,deepseek-flash,0.00034696799999999996,0.0006939359999999999
deepseek_seed1_074_intent,deepseek,False,intent,1.058075562119484,0.2912413920275867,1.0580167591106147,0.766775367083028,4284,487,1086,7,256,200,,deepseek-flash,0.000129468,0.000258936
deepseek_seed1_074_motor,deepseek,False,motor,0.7077111010439694,0.35237234691157937,0.7076479960232973,0.35527564911171794,9615,537,2460,26,256,200,,deepseek-flash,0.00034696799999999996,0.0006939359999999999
deepseek_seed1_075_intent,deepseek,False,intent,1.0104710380546749,0.37525357003323734,1.010413259966299,0.6351596899330616,4283,487,1086,7,256,200,,deepseek-flash,0.000129468,0.000258936
deepseek_seed1_075_motor,deepseek,False,motor,0.921214034082368,0.36049179499968886,0.9211154100485146,0.5606236150488257,9614,537,2460,26,256,200,,deepseek-flash,0.00034696799999999996,0.0006939359999999999
deepseek_seed1_076_intent,deepseek,False,intent,1.146768343867734,0.6241685999557376,1.1467071459628642,0.5225385460071266,4284,487,1086,7,256,200,,deepseek-flash,0.000129468,0.000258936
deepseek_seed1_076_motor,deepseek,False,motor,1.0056126480922103,0.3153190740849823,1.0055491130333394,0.6902300389483571,9615,537,2460,26,256,200,,deepseek-flash,0.00034696799999999996,0.0006939359999999999
deepseek_seed1_077_intent,deepseek,False,intent,0.9530850029550493,0.30472916387952864,0.9529908448457718,0.6482616809662431,4284,487,1086,7,256,200,,deepseek-flash,0.000129468,0.000258936
deepseek_seed1_077_motor,deepseek,False,motor,1.0379808589350432,0.3259827990550548,1.0378859059419483,0.7119031068868935,9615,537,2460,26,256,200,,deepseek-flash,0.00034696799999999996,0.0006939359999999999
deepseek_seed1_078_intent,deepseek,False,intent,0.6264426591806114,0.30408447002992034,0.6263483571819961,0.32226388715207577,4284,487,1086,7,256,200,,deepseek-flash,0.000129468,0.000258936
deepseek_seed1_078_motor,deepseek,False,motor,1.171880363021046,0.38795658596791327,1.1717794998548925,0.7838229138869792,9615,537,2460,26,256,200,,deepseek-flash,0.00034696799999999996,0.0006939359999999999
deepseek_seed1_079_intent,deepseek,False,intent,1.013664348050952,0.3149626920931041,1.0135694101918489,0.6986067180987448,4284,487,1086,7,256,200,,deepseek-flash,0.000129468,0.000258936
deepseek_seed1_079_motor,deepseek,False,motor,0.7455809048842639,0.32177480193786323,0.7455172948539257,0.4237424929160625,9615,537,2460,26,256,200,,deepseek-flash,0.00034696799999999996,0.0006939359999999999
deepseek_seed1_080_intent,deepseek,False,intent,1.089810071978718,0.31349715194664896,1.0897522189188749,0.7762550669722259,4283,487,1086,7,256,200,,deepseek-flash,0.000129468,0.000258936
deepseek_seed1_080_motor,deepseek,False,motor,0.9457688280381262,0.34965927992016077,0.9457052948419005,0.5960460149217397,9614,537,2460,26,256,200,,deepseek-flash,0.00034696799999999996,0.0006939359999999999
deepseek_seed1_081_intent,deepseek,False,intent,0.8847079251427203,0.292033398989588,0.8846468240953982,0.5926134251058102,4284,487,1086,7,256,200,,deepseek-flash,0.000129468,0.000258936
deepseek_seed1_081_motor,deepseek,False,motor,0.6412992528639734,0.32737816288135946,0.641234772047028,0.3138566091656685,9615,537,2460,26,256,200,,deepseek-flash,0.00034696799999999996,0.0006939359999999999
deepseek_seed1_082_intent,deepseek,False,intent,0.5938240350224078,0.29708443116396666,0.5937629679683596,0.29667853680439293,4284,487,1086,7,256,200,,deepseek-flash,0.000129468,0.000258936
deepseek_seed1_082_motor,deepseek,False,motor,0.7220384269021451,0.3011954869143665,0.7219761169981211,0.42078063008375466,9615,537,2460,26,256,200,,deepseek-flash,0.00034696799999999996,0.0006939359999999999
deepseek_seed1_083_intent,deepseek,False,intent,1.1060165560338646,0.31530835200101137,1.10595782706514,0.7906494750641286,4284,487,1086,7,256,200,,deepseek-flash,0.000129468,0.000258936
deepseek_seed1_083_motor,deepseek,False,motor,1.187680227914825,0.3070656550116837,1.1876150390598923,0.8805493840482086,9615,537,2460,26,256,200,,deepseek-flash,0.00034696799999999996,0.0006939359999999999
deepseek_seed1_084_intent,deepseek,False,intent,0.9630049020051956,0.2899883231148124,0.9629447699990124,0.6729564468842,4284,487,1086,7,256,200,,deepseek-flash,0.000129468,0.000258936
deepseek_seed1_084_motor,deepseek,False,motor,1.3619831381365657,0.5356470560654998,1.3618852209765464,0.8262381649110466,9615,537,2460,26,256,200,,deepseek-flash,0.00034696799999999996,0.0006939359999999999
deepseek_seed1_085_intent,deepseek,False,intent,1.0257285221014172,0.31751615600660443,1.0256656461860985,0.708149490179494,4283,487,1086,7,256,200,,deepseek-flash,0.000129468,0.000258936
deepseek_seed1_085_motor,deepseek,False,motor,1.0532266108784825,0.34813864598982036,1.0531647359021008,0.7050260899122804,9614,530,2460,19,256,200,,deepseek-flash,0.0003427679999999999,0.0006855359999999998
deepseek_seed1_086_intent,deepseek,False,intent,0.930983291938901,0.3117557601071894,0.9309228439815342,0.6191670838743448,4284,484,1086,7,0,200,,deepseek-flash,0.0001671,0.0003342
deepseek_seed1_086_motor,deepseek,False,motor,1.0108227608725429,0.33046284783631563,1.0107604230288416,0.680297575192526,9615,537,2460,26,256,200,,deepseek-flash,0.00034696799999999996,0.0006939359999999999
deepseek_seed1_087_intent,deepseek,False,intent,1.0355181652121246,0.3443632200360298,1.035458162194118,0.6910949421580881,4284,487,1086,7,256,200,,deepseek-flash,0.000129468,0.000258936
deepseek_seed1_087_motor,deepseek,False,motor,0.8479220340959728,0.3401480440516025,0.847824766067788,0.5076767220161855,9615,537,2460,26,256,200,,deepseek-flash,0.00034696799999999996,0.0006939359999999999
deepseek_seed1_088_intent,deepseek,False,intent,0.6717381558846682,0.3096265569329262,0.6716789479833096,0.36205239105038345,4284,487,1086,7,256,200,,deepseek-flash,0.000129468,0.000258936
deepseek_seed1_088_motor,deepseek,False,motor,0.6079480389598757,0.5903192390687764,0.6078863700386137,0.017567130969837308,9615,537,2460,26,256,200,,deepseek-flash,0.00034696799999999996,0.0006939359999999999
deepseek_seed1_089_intent,deepseek,False,intent,0.6994376019574702,0.3099115090444684,0.6993791591376066,0.3894676500931382,4284,487,1086,7,256,200,,deepseek-flash,0.000129468,0.000258936
deepseek_seed1_089_motor,deepseek,False,motor,0.9578881659545004,0.3079976448789239,0.9578257028479129,0.649828057968989,9615,537,2460,26,256,200,,deepseek-flash,0.00034696799999999996,0.0006939359999999999
deepseek_seed1_090_intent,deepseek,False,intent,0.7708349081221968,0.2978814640082419,0.7707735779695213,0.4728921139612794,4283,487,1086,7,256,200,,deepseek-flash,0.000129468,0.000258936
deepseek_seed1_090_motor,deepseek,False,motor,0.8656119450461119,0.3252423000521958,0.8655501711182296,0.5403078710660338,9614,537,2460,26,256,200,,deepseek-flash,0.00034696799999999996,0.0006939359999999999
deepseek_seed1_091_intent,deepseek,False,intent,0.9313356620259583,0.3224527270067483,0.9312456729821861,0.6087929459754378,4284,487,1086,7,256,200,,deepseek-flash,0.000129468,0.000258936
deepseek_seed1_091_motor,deepseek,False,motor,0.8115500030107796,0.32039053994230926,0.811481110053137,0.4910905701108277,9615,537,2460,26,256,200,,deepseek-flash,0.00034696799999999996,0.0006939359999999999
deepseek_seed1_092_intent,deepseek,False,intent,0.7183867269195616,0.29180341796018183,0.7182938328478485,0.4264904148876667,4284,487,1086,7,256,200,,deepseek-flash,0.000129468,0.000258936
deepseek_seed1_092_motor,deepseek,False,motor,1.0899991241749376,0.2991648290771991,1.089903319021687,0.7907384899444878,9615,537,2460,26,256,200,,deepseek-flash,0.00034696799999999996,0.0006939359999999999
deepseek_seed1_093_intent,deepseek,False,intent,0.9951733460184187,0.3032240450847894,0.9951108479872346,0.6918868029024452,4284,487,1086,7,256,200,,deepseek-flash,0.000129468,0.000258936
deepseek_seed1_093_motor,deepseek,False,motor,0.7564423570875078,0.3421074110083282,0.7563801370561123,0.4142727260477841,9615,537,2460,26,256,200,,deepseek-flash,0.00034696799999999996,0.0006939359999999999
deepseek_seed1_094_intent,deepseek,False,intent,0.9519013140816242,0.29868130502291024,0.951810410944745,0.6531291059218347,4284,487,1086,7,256,200,,deepseek-flash,0.000129468,0.000258936
deepseek_seed1_094_motor,deepseek,False,motor,0.92597741400823,0.3078966101165861,0.9258792081382126,0.6179825980216265,9615,537,2460,26,256,200,,deepseek-flash,0.00034696799999999996,0.0006939359999999999
deepseek_seed1_095_intent,deepseek,False,intent,0.9088053710293025,0.2969577338080853,0.9087136338930577,0.6117559000849724,4283,487,1086,7,256,200,,deepseek-flash,0.000129468,0.000258936
deepseek_seed1_095_motor,deepseek,False,motor,0.8275993298739195,0.328895540907979,0.8275025768671185,0.49860703595913947,9614,537,2460,26,256,200,,deepseek-flash,0.00034696799999999996,0.0006939359999999999
deepseek_seed1_096_intent,deepseek,False,intent,0.9762545311823487,0.30755235301330686,0.9761629661079496,0.6686106130946428,4284,484,1086,7,0,200,,deepseek-flash,0.0001671,0.0003342
deepseek_seed1_096_motor,deepseek,False,motor,0.634195672115311,0.3339354482013732,0.6340993950143456,0.3001639468129724,9615,537,2460,26,256,200,,deepseek-flash,0.00034696799999999996,0.0006939359999999999
deepseek_seed1_097_intent,deepseek,False,intent,0.9204774629324675,0.37569951405748725,0.920417282031849,0.5447177679743618,4284,487,1086,7,256,200,,deepseek-flash,0.000129468,0.000258936
deepseek_seed1_097_motor,deepseek,False,motor,0.9872620848473161,0.5826501320116222,0.9871621218044311,0.4045119897928089,9615,537,2460,26,256,200,,deepseek-flash,0.00034696799999999996,0.0006939359999999999
deepseek_seed1_098_intent,deepseek,False,intent,1.0664186999201775,0.29131038999184966,1.066356322960928,0.7750459329690784,4284,487,1086,7,256,200,,deepseek-flash,0.000129468,0.000258936
deepseek_seed1_098_motor,deepseek,False,motor,1.0116647931281477,0.35246741818264127,1.0116023200098425,0.6591349018272012,9615,537,2460,26,256,200,,deepseek-flash,0.00034696799999999996,0.0006939359999999999
deepseek_seed1_099_intent,deepseek,False,intent,1.1862105529289693,0.29285195004194975,1.1861521450337023,0.8933001949917525,4284,487,1086,7,256,200,,deepseek-flash,0.000129468,0.000258936
deepseek_seed1_099_motor,deepseek,False,motor,0.9591912310570478,0.5707397700753063,0.959092261036858,0.38835249096155167,9615,530,2460,19,256,200,,deepseek-flash,0.0003427679999999999,0.0006855359999999998
deepseek_seed1_100_intent,deepseek,False,intent,0.8336589578539133,0.3478993228636682,0.8336001329589635,0.4857008100952953,4283,487,1086,7,256,200,,deepseek-flash,0.000129468,0.000258936
deepseek_seed1_100_motor,deepseek,False,motor,0.7491570310667157,0.32904916000552475,0.7490918561816216,0.4200426961760968,9614,537,2460,26,256,200,,deepseek-flash,0.00034696799999999996,0.0006939359999999999
deepseek_seed1_101_intent,deepseek,False,intent,0.8843063339591026,0.30171615700237453,0.8842108598910272,0.5824947028886527,4284,487,1086,7,256,200,,deepseek-flash,0.000129468,0.000258936
deepseek_seed1_101_motor,deepseek,False,motor,0.947372310096398,0.3048529149964452,0.9473077279981226,0.6424548130016774,9615,537,2460,26,256,200,,deepseek-flash,0.00034696799999999996,0.0006939359999999999
deepseek_seed1_102_intent,deepseek,False,intent,1.2922462681308389,0.2964957121293992,1.2921840820927173,0.9956883699633181,4284,487,1086,7,256,200,,deepseek-flash,0.000129468,0.000258936
deepseek_seed1_102_motor,deepseek,False,motor,1.0389591730199754,0.6372301739174873,1.0388952179346234,0.4016650440171361,9615,537,2460,26,256,200,,deepseek-flash,0.00034696799999999996,0.0006939359999999999
deepseek_seed1_103_intent,deepseek,False,intent,1.1055123219266534,0.3293354930356145,1.1054554858710617,0.7761199928354472,4284,487,1086,7,256,200,,deepseek-flash,0.000129468,0.000258936
deepseek_seed1_103_motor,deepseek,False,motor,1.0970482979901135,0.47070581116713583,1.0969804720953107,0.6262746609281749,9615,537,2460,26,256,200,,deepseek-flash,0.00034696799999999996,0.0006939359999999999
deepseek_seed1_104_intent,deepseek,False,intent,0.994420391973108,0.29128066496923566,0.9943574969656765,0.7030768319964409,4284,487,1086,7,256,200,,deepseek-flash,0.000129468,0.000258936
deepseek_seed1_104_motor,deepseek,False,motor,0.9227166471537203,0.30049930000677705,0.9226191721390933,0.6221198721323162,9615,537,2460,26,256,200,,deepseek-flash,0.00034696799999999996,0.0006939359999999999
deepseek_seed1_105_intent,deepseek,False,intent,0.715560584096238,0.29617785406298935,0.7154961009509861,0.4193182468879968,4283,487,1086,7,256,200,,deepseek-flash,0.000129468,0.000258936
deepseek_seed1_105_motor,deepseek,False,motor,0.9496374859008938,0.304687598021701,0.949576074955985,0.644888476934284,9614,537,2460,26,256,200,,deepseek-flash,0.00034696799999999996,0.0006939359999999999
deepseek_seed1_106_intent,deepseek,False,intent,0.9471750031225383,0.322321959072724,0.9471130301244557,0.6247910710517317,4284,487,1086,7,256,200,,deepseek-flash,0.000129468,0.000258936
deepseek_seed1_106_motor,deepseek,False,motor,0.9970586630515754,0.31708893086761236,0.996960778022185,0.6798718471545726,9615,537,2460,26,256,200,,deepseek-flash,0.00034696799999999996,0.0006939359999999999
deepseek_seed1_107_intent,deepseek,False,intent,0.7966212169267237,0.3149633249267936,0.796560546848923,0.4815972219221294,4284,487,1086,7,256,200,,deepseek-flash,0.000129468,0.000258936
deepseek_seed1_107_motor,deepseek,False,motor,0.8143876940011978,0.3298441169317812,0.8143243219237775,0.4844802049919963,9615,537,2460,26,256,200,,deepseek-flash,0.00034696799999999996,0.0006939359999999999
deepseek_seed1_108_intent,deepseek,False,intent,1.2028952620457858,0.2987379941623658,1.2028351840563118,0.904097189893946,4284,487,1086,7,256,200,,deepseek-flash,0.000129468,0.000258936
deepseek_seed1_108_motor,deepseek,False,motor,1.224659845000133,0.33493181806989014,1.2245926230680197,0.8896608049981296,9615,537,2460,26,256,200,,deepseek-flash,0.00034696799999999996,0.0006939359999999999
deepseek_seed1_109_intent,deepseek,False,intent,0.7593175091315061,0.2969558881595731,0.759256947087124,0.4623010589275509,4284,487,1086,7,256,200,,deepseek-flash,0.000129468,0.000258936
deepseek_seed1_109_motor,deepseek,False,motor,0.9992378239985555,0.30744627490639687,0.9991387128829956,0.6916924379765987,9615,537,2460,26,256,200,,deepseek-flash,0.00034696799999999996,0.0006939359999999999
deepseek_seed1_110_intent,deepseek,False,intent,0.6943236740771681,0.31124318786896765,0.6942631229758263,0.3830199351068586,4283,487,1086,7,256,200,,deepseek-flash,0.000129468,0.000258936
deepseek_seed1_110_motor,deepseek,False,motor,1.3275285419076681,0.32775496505200863,1.32745869201608,0.9997037269640714,9614,537,2460,26,256,200,,deepseek-flash,0.00034696799999999996,0.0006939359999999999
deepseek_seed1_111_intent,deepseek,False,intent,0.8541047980543226,0.44216803298331797,0.8540449489373714,0.4118769159540534,4284,487,1086,7,256,200,,deepseek-flash,0.000129468,0.000258936
deepseek_seed1_111_motor,deepseek,False,motor,0.8262281329371035,0.3155992948450148,0.82613182393834,0.5105325290933251,9615,537,2460,26,256,200,,deepseek-flash,0.00034696799999999996,0.0006939359999999999
deepseek_seed1_112_intent,deepseek,False,intent,1.033017189009115,0.36099652689881623,1.0329581559635699,0.6719616290647537,4284,487,1086,7,256,200,,deepseek-flash,0.000129468,0.000258936
deepseek_seed1_112_motor,deepseek,False,motor,0.798731436021626,0.322168709943071,0.7986363780219108,0.4764676680788398,9615,537,2460,26,256,200,,deepseek-flash,0.00034696799999999996,0.0006939359999999999
deepseek_seed1_113_intent,deepseek,False,intent,0.5695248749107122,0.3254457770381123,0.5694660029839724,0.24402022594586015,4284,487,1086,7,256,200,,deepseek-flash,0.000129468,0.000258936
deepseek_seed1_113_motor,deepseek,False,motor,0.5222478138748556,0.3095034188590944,0.5221755700185895,0.21267215115949512,9615,537,2460,26,256,200,,deepseek-flash,0.00034696799999999996,0.0006939359999999999
deepseek_seed1_114_intent,deepseek,False,intent,0.7243706109002233,0.3035410169977695,0.7242804158013314,0.4207393988035619,4284,487,1086,7,256,200,,deepseek-flash,0.000129468,0.000258936
deepseek_seed1_114_motor,deepseek,False,motor,0.7704907050356269,0.30143412784673274,0.7704282139893621,0.4689940861426294,9615,537,2460,26,256,200,,deepseek-flash,0.00034696799999999996,0.0006939359999999999
deepseek_seed1_115_intent,deepseek,False,intent,0.6310978480614722,0.3139336670283228,0.6310270810499787,0.3170934140216559,4283,487,1086,7,256,200,,deepseek-flash,0.000129468,0.000258936
deepseek_seed1_115_motor,deepseek,False,motor,0.9416360179893672,0.3063180858734995,0.9415382188744843,0.6352201330009848,9614,537,2460,26,256,200,,deepseek-flash,0.00034696799999999996,0.0006939359999999999
deepseek_seed1_116_intent,deepseek,False,intent,1.0209801369346678,0.35877039888873696,1.0209226850420237,0.6621522861532867,4284,487,1086,7,256,200,,deepseek-flash,0.000129468,0.000258936
deepseek_seed1_116_motor,deepseek,False,motor,1.3054275778122246,0.6776015087962151,1.305362218990922,0.6277607101947069,9615,537,2460,26,256,200,,deepseek-flash,0.00034696799999999996,0.0006939359999999999
deepseek_seed1_117_intent,deepseek,False,intent,0.7317870978731662,0.3079573919530958,0.7317208270542324,0.42376343510113657,4284,487,1086,7,256,200,,deepseek-flash,0.000129468,0.000258936
deepseek_seed1_117_motor,deepseek,False,motor,0.9292588769458234,0.320979111129418,0.9292056239210069,0.6082265127915889,9615,537,2460,26,256,200,,deepseek-flash,0.00034696799999999996,0.0006939359999999999
deepseek_seed1_118_intent,deepseek,False,intent,1.166978261899203,0.3033336659427732,1.1669237990863621,0.8635901331435889,4284,487,1086,7,256,200,,deepseek-flash,0.000129468,0.000258936
deepseek_seed1_118_motor,deepseek,False,motor,2.0411175910849124,1.5798036181367934,2.0410576020367444,0.461253983899951,9615,537,2460,26,256,200,,deepseek-flash,0.00034696799999999996,0.0006939359999999999
deepseek_seed1_119_intent,deepseek,False,intent,1.5139254690147936,1.18954830407165,1.5138659940566868,0.32431768998503685,4284,487,1086,7,256,200,,deepseek-flash,0.000129468,0.000258936
deepseek_seed1_119_motor,deepseek,False,motor,1.202594293979928,0.5164589500054717,1.2024759398773313,0.6860169898718596,9615,537,2460,26,256,200,,deepseek-flash,0.00034696799999999996,0.0006939359999999999
deepseek_seed1_120_intent,deepseek,False,intent,0.7194261511322111,0.30110390204936266,0.7193699930794537,0.41826609103009105,4283,487,1086,7,256,200,,deepseek-flash,0.000129468,0.000258936
deepseek_seed1_120_motor,deepseek,False,motor,0.807333734119311,0.31160252005793154,0.8072735359892249,0.49567101593129337,9614,537,2460,26,256,200,,deepseek-flash,0.00034696799999999996,0.0006939359999999999
deepseek_seed1_121_intent,deepseek,False,intent,0.7981371020432562,0.3095212059561163,0.7980895200744271,0.4885683141183108,4284,487,1086,7,256,200,,deepseek-flash,0.000129468,0.000258936
deepseek_seed1_121_motor,deepseek,False,motor,1.2644065120257437,0.6659441702067852,1.2643424700945616,0.5983982998877764,9615,537,2460,26,256,200,,deepseek-flash,0.00034696799999999996,0.0006939359999999999
deepseek_seed1_122_intent,deepseek,False,intent,1.0390073719900101,0.4056094049010426,1.038942740065977,0.6333333351649344,4284,487,1086,7,256,200,,deepseek-flash,0.000129468,0.000258936
deepseek_seed1_122_motor,deepseek,False,motor,1.005931724095717,0.810155448038131,1.0058629480190575,0.1957074999809265,9615,537,2460,26,256,200,,deepseek-flash,0.00034696799999999996,0.0006939359999999999
deepseek_seed1_123_intent,deepseek,False,intent,0.8855337239801884,0.43096055183559656,0.8854765628930181,0.45451601105742157,4284,487,1086,7,256,200,,deepseek-flash,0.000129468,0.000258936
deepseek_seed1_123_motor,deepseek,False,motor,1.0726694068871439,0.5554846490267664,1.0725728920660913,0.5170882430393249,9615,537,2460,26,256,200,,deepseek-flash,0.00034696799999999996,0.0006939359999999999
deepseek_seed1_124_intent,deepseek,False,intent,0.9355814859736711,0.37221298390068114,0.9355256389826536,0.5633126550819725,4284,487,1086,7,256,200,,deepseek-flash,0.000129468,0.000258936
deepseek_seed1_124_motor,deepseek,False,motor,0.8690983350388706,0.4398273709230125,0.8690310639794916,0.4292036930564791,9615,537,2460,26,256,200,,deepseek-flash,0.00034696799999999996,0.0006939359999999999
deepseek_seed1_125_intent,deepseek,False,intent,0.9399134600535035,0.36336174700409174,0.9398490150924772,0.5764872680883855,4283,487,1086,7,256,200,,deepseek-flash,0.000129468,0.000258936
deepseek_seed1_125_motor,deepseek,False,motor,0.9734921839553863,0.40414579398930073,0.9733874478843063,0.5692416538950056,9614,537,2460,26,256,200,,deepseek-flash,0.00034696799999999996,0.0006939359999999999
deepseek_seed1_126_intent,deepseek,False,intent,0.8904734910465777,0.3570902750361711,0.8904160021338612,0.5333257270976901,4284,487,1086,7,256,200,,deepseek-flash,0.000129468,0.000258936
deepseek_seed1_126_motor,deepseek,False,motor,1.2244461521040648,0.42394200107082725,1.224385318113491,0.8004433170426637,9615,537,2460,26,256,200,,deepseek-flash,0.00034696799999999996,0.0006939359999999999
deepseek_seed1_127_intent,deepseek,False,intent,0.7735833800397813,0.35880574281327426,0.77351656393148,0.4147108211182058,4284,487,1086,7,256,200,,deepseek-flash,0.000129468,0.000258936
deepseek_seed1_127_motor,deepseek,False,motor,1.1094414188992232,0.45873299101367593,1.1093800128437579,0.6506470218300819,9615,537,2460,26,256,200,,deepseek-flash,0.00034696799999999996,0.0006939359999999999
deepseek_seed1_128_intent,deepseek,False,intent,0.9655567810405046,0.46670888806693256,0.9654928410891443,0.4987839530222118,4284,487,1086,7,256,200,,deepseek-flash,0.000129468,0.000258936
deepseek_seed1_128_motor,deepseek,False,motor,1.093000217108056,0.4279873091727495,1.0929464951623231,0.6649591859895736,9615,537,2460,26,256,200,,deepseek-flash,0.00034696799999999996,0.0006939359999999999
deepseek_seed1_129_intent,deepseek,False,intent,0.7100677050184458,0.36580486921593547,0.7100116400979459,0.34420677088201046,4284,487,1086,7,256,200,,deepseek-flash,0.000129468,0.000258936
deepseek_seed1_129_motor,deepseek,False,motor,1.4756799000315368,0.3969460059888661,1.475594240007922,1.078648234019056,9615,537,2460,26,256,200,,deepseek-flash,0.00034696799999999996,0.0006939359999999999
deepseek_seed1_130_intent,deepseek,False,intent,1.0828928488772362,0.41728562698699534,1.08283425681293,0.6655486298259348,4283,487,1086,7,256,200,,deepseek-flash,0.000129468,0.000258936
deepseek_seed1_130_motor,deepseek,False,motor,0.736260883975774,0.36766628292389214,0.736203056992963,0.3685367740690708,9614,537,2460,26,256,200,,deepseek-flash,0.00034696799999999996,0.0006939359999999999
deepseek_seed1_131_intent,deepseek,False,intent,0.5722145419567823,0.3542561628855765,0.5721571499016136,0.2179009870160371,4284,487,1086,7,256,200,,deepseek-flash,0.000129468,0.000258936
deepseek_seed1_131_motor,deepseek,False,motor,0.9358854140155017,0.3913597969803959,0.9358235560357571,0.5444637590553612,9615,537,2460,26,256,200,,deepseek-flash,0.00034696799999999996,0.0006939359999999999
deepseek_seed1_132_intent,deepseek,False,intent,0.9643149948678911,0.3708915098104626,0.9642581879161298,0.5933666781056672,4284,487,1086,7,256,200,,deepseek-flash,0.000129468,0.000258936
deepseek_seed1_132_motor,deepseek,False,motor,1.1668242940213531,0.39772207709029317,1.166708674049005,0.7689865969587117,9615,537,2460,26,256,200,,deepseek-flash,0.00034696799999999996,0.0006939359999999999
deepseek_seed1_133_intent,deepseek,False,intent,1.1054621119983494,0.39548559207469225,1.105403999099508,0.7099184070248157,4284,487,1086,7,256,200,,deepseek-flash,0.000129468,0.000258936
deepseek_seed1_133_motor,deepseek,False,motor,1.1846267071086913,0.38981221499852836,1.1845524259842932,0.7947402109857649,9615,537,2460,26,256,200,,deepseek-flash,0.00034696799999999996,0.0006939359999999999
deepseek_seed1_134_intent,deepseek,False,intent,0.9628052318003029,0.331375814974308,0.9627227399032563,0.6313469249289483,4284,487,1086,7,256,200,,deepseek-flash,0.000129468,0.000258936
deepseek_seed1_134_motor,deepseek,False,motor,1.0446507448796183,0.39831815590150654,1.0445853220298886,0.6462671661283821,9615,537,2460,26,256,200,,deepseek-flash,0.00034696799999999996,0.0006939359999999999
deepseek_seed1_135_intent,deepseek,False,intent,0.8365124601405114,0.36181920813396573,0.83645622106269,0.4746370129287243,4283,487,1086,7,256,200,,deepseek-flash,0.000129468,0.000258936
deepseek_seed1_135_motor,deepseek,False,motor,1.1202091260347515,0.3858495890162885,1.1201256790664047,0.7342760900501162,9614,537,2460,26,256,200,,deepseek-flash,0.00034696799999999996,0.0006939359999999999
deepseek_seed1_136_intent,deepseek,False,intent,1.017114237882197,0.34848590288311243,1.017044642008841,0.6685587391257286,4284,487,1086,7,256,200,,deepseek-flash,0.000129468,0.000258936
deepseek_seed1_136_motor,deepseek,False,motor,0.8704632599838078,0.5409847439732403,0.8703921590931714,0.3294074151199311,9615,537,2460,26,256,200,,deepseek-flash,0.00034696799999999996,0.0006939359999999999
deepseek_seed1_137_intent,deepseek,False,intent,1.09123155195266,0.3344030808657408,1.0910467978101224,0.7566437169443816,4284,487,1086,7,256,200,,deepseek-flash,0.000129468,0.000258936
deepseek_seed1_137_motor,deepseek,False,motor,0.9858032891061157,0.38309260201640427,0.9857412509154528,0.6026486488990486,9615,537,2460,26,256,200,,deepseek-flash,0.00034696799999999996,0.0006939359999999999
deepseek_seed1_138_intent,deepseek,False,intent,0.9335005080793053,0.5993235299829394,0.9334420999512076,0.3341185699682683,4284,487,1086,7,256,200,,deepseek-flash,0.000129468,0.000258936
deepseek_seed1_138_motor,deepseek,False,motor,1.3424309769179672,0.3696510689333081,1.3423705140594393,0.9727194451261312,9615,537,2460,26,256,200,,deepseek-flash,0.00034696799999999996,0.0006939359999999999
deepseek_seed1_139_intent,deepseek,False,intent,0.8650625499431044,0.3189441941212863,0.8650036840699613,0.546059489948675,4284,487,1086,7,256,200,,deepseek-flash,0.000129468,0.000258936
deepseek_seed1_139_motor,deepseek,False,motor,1.0062762470915914,0.37832710007205606,1.0061785199213773,0.6278514198493212,9615,537,2460,26,256,200,,deepseek-flash,0.00034696799999999996,0.0006939359999999999
deepseek_seed1_140_intent,deepseek,False,intent,0.8475177250802517,0.3271288969554007,0.8474271609447896,0.5202982639893889,4283,487,1086,7,256,200,,deepseek-flash,0.000129468,0.000258936
deepseek_seed1_140_motor,deepseek,False,motor,1.037858352996409,0.4021786949597299,1.0377962479833513,0.6356175530236214,9614,537,2460,26,256,200,,deepseek-flash,0.00034696799999999996,0.0006939359999999999
deepseek_seed1_141_intent,deepseek,False,intent,0.9733141858596355,0.32817099685780704,0.9732571349013597,0.6450861380435526,4284,487,1086,7,256,200,,deepseek-flash,0.000129468,0.000258936
deepseek_seed1_141_motor,deepseek,False,motor,1.139073431957513,0.3624938658904284,1.1390111730434,0.7765173071529716,9615,537,2460,26,256,200,,deepseek-flash,0.00034696799999999996,0.0006939359999999999
deepseek_seed1_142_intent,deepseek,False,intent,1.039182857843116,0.3349092628341168,1.039120664820075,0.7042114019859582,4284,487,1086,7,256,200,,deepseek-flash,0.000129468,0.000258936
deepseek_seed1_142_motor,deepseek,False,motor,0.9721008141059428,0.37245649518445134,0.9720396432094276,0.5995831480249763,9615,537,2460,26,256,200,,deepseek-flash,0.00034696799999999996,0.0006939359999999999
deepseek_seed1_143_intent,deepseek,False,intent,0.9481810079887509,0.3410337690729648,0.948090935125947,0.6070571660529822,4284,487,1086,7,256,200,,deepseek-flash,0.000129468,0.000258936
deepseek_seed1_143_motor,deepseek,False,motor,1.2032255120575428,0.36443386995233595,1.2031304829288274,0.8386966129764915,9615,537,2460,26,256,200,,deepseek-flash,0.00034696799999999996,0.0006939359999999999
deepseek_seed1_144_intent,deepseek,False,intent,1.043838081182912,0.35023047612048686,1.043748483993113,0.6935180078726262,4284,487,1086,7,256,200,,deepseek-flash,0.000129468,0.000258936
deepseek_seed1_144_motor,deepseek,False,motor,0.7890751950908452,0.3589165520388633,0.7890141571406275,0.4300976051017642,9615,537,2460,26,256,200,,deepseek-flash,0.00034696799999999996,0.0006939359999999999
deepseek_seed1_145_intent,deepseek,False,intent,0.8459426509216428,0.3455424727872014,0.845883612986654,0.5003411401994526,4283,487,1086,7,256,200,,deepseek-flash,0.000129468,0.000258936
deepseek_seed1_145_motor,deepseek,False,motor,0.9189345221966505,0.38467862317338586,0.9188376530073583,0.5341590298339725,9614,537,2460,26,256,200,,deepseek-flash,0.00034696799999999996,0.0006939359999999999
deepseek_seed1_146_intent,deepseek,False,intent,0.8326718090102077,0.3246423960663378,0.8325783109758049,0.5079359149094671,4284,484,1086,7,0,200,,deepseek-flash,0.0001671,0.0003342
deepseek_seed1_146_motor,deepseek,False,motor,0.9115447159856558,0.38420672295615077,0.9114824838470668,0.527275760890916,9615,537,2460,26,256,200,,deepseek-flash,0.00034696799999999996,0.0006939359999999999
deepseek_seed1_147_intent,deepseek,False,intent,0.912864563986659,0.3334964239038527,0.9128068808931857,0.579310456989333,4284,487,1086,7,256,200,,deepseek-flash,0.000129468,0.000258936
deepseek_seed1_147_motor,deepseek,False,motor,0.754201560979709,0.37160253315232694,0.7541379311587662,0.3825353980064392,9615,537,2460,26,256,200,,deepseek-flash,0.00034696799999999996,0.0006939359999999999
deepseek_seed1_148_intent,deepseek,False,intent,1.031962666893378,0.3278882009908557,1.031906157033518,0.7040179560426623,4284,487,1086,7,256,200,,deepseek-flash,0.000129468,0.000258936
deepseek_seed1_148_motor,deepseek,False,motor,0.9223712978418916,0.3607346168719232,0.922273265896365,0.5615386490244418,9615,537,2460,26,256,200,,deepseek-flash,0.00034696799999999996,0.0006939359999999999
deepseek_seed1_149_intent,deepseek,False,intent,1.0647307310719043,0.30708957905881107,1.0646415429655463,0.7575519639067352,4284,487,1086,7,256,200,,deepseek-flash,0.000129468,0.000258936
deepseek_seed1_149_motor,deepseek,False,motor,0.7098741780500859,0.36817931197583675,0.7097808651160449,0.3416015531402081,9615,537,2460,26,256,200,,deepseek-flash,0.00034696799999999996,0.0006939359999999999
deepseek_seed1_150_intent,deepseek,False,intent,0.7199388288427144,0.5793892529327422,0.7198365568183362,0.140447303885594,4283,487,1086,7,256,200,,deepseek-flash,0.000129468,0.000258936
deepseek_seed1_150_motor,deepseek,False,motor,1.1613212069496512,0.40040546911768615,1.161256778985262,0.7608513098675758,9614,537,2460,26,256,200,,deepseek-flash,0.00034696799999999996,0.0006939359999999999
deepseek_seed1_151_intent,deepseek,False,intent,0.9703931538388133,0.3315010708756745,0.9703333729412407,0.6388323020655662,4284,487,1086,7,256,200,,deepseek-flash,0.000129468,0.000258936
deepseek_seed1_151_motor,deepseek,False,motor,0.9178392319008708,0.3682516219560057,0.917751669883728,0.5495000479277223,9615,537,2460,26,256,200,,deepseek-flash,0.00034696799999999996,0.0006939359999999999
deepseek_seed1_152_intent,deepseek,False,intent,0.8862994310911745,0.34097184892743826,0.8862400290090591,0.5452681800816208,4284,487,1086,7,256,200,,deepseek-flash,0.000129468,0.000258936
deepseek_seed1_152_motor,deepseek,False,motor,0.8458219999447465,0.36924163112416863,0.8457604630384594,0.4765188319142908,9615,530,2460,19,256,200,,deepseek-flash,0.0003427679999999999,0.0006855359999999998
deepseek_seed1_153_intent,deepseek,False,intent,0.8296160800382495,0.3227620190009475,0.8295556830707937,0.5067936640698463,4284,487,1086,7,256,200,,deepseek-flash,0.000129468,0.000258936
deepseek_seed1_153_motor,deepseek,False,motor,0.8108619558624923,0.3936658080201596,0.8108005849644542,0.41713477694429457,9615,537,2460,26,256,200,,deepseek-flash,0.00034696799999999996,0.0006939359999999999
deepseek_seed1_154_intent,deepseek,False,intent,0.7074373390059918,0.32974605285562575,0.7073774528689682,0.3776314000133425,4284,487,1086,7,256,200,,deepseek-flash,0.000129468,0.000258936
deepseek_seed1_154_motor,deepseek,False,motor,1.114559167996049,0.39640050986781716,1.114465304883197,0.7180647950153798,9615,537,2460,26,256,200,,deepseek-flash,0.00034696799999999996,0.0006939359999999999
deepseek_seed1_155_intent,deepseek,False,intent,0.7487148998770863,0.39398529194295406,0.7486560437828302,0.3546707518398762,4283,487,1086,7,256,200,,deepseek-flash,0.000129468,0.000258936
deepseek_seed1_155_motor,deepseek,False,motor,0.7799214269034564,0.36426608404144645,0.7798571588937193,0.41559107485227287,9614,537,2460,26,256,200,,deepseek-flash,0.00034696799999999996,0.0006939359999999999
deepseek_seed1_156_intent,deepseek,False,intent,1.0260071298107505,0.36834800988435745,1.0259152830112725,0.6575672731269151,4284,484,1086,7,0,200,,deepseek-flash,0.0001671,0.0003342
deepseek_seed1_156_motor,deepseek,False,motor,0.8560543810017407,0.35603727819398046,0.8559904110152274,0.499953132821247,9615,537,2460,26,256,200,,deepseek-flash,0.00034696799999999996,0.0006939359999999999
deepseek_seed1_157_intent,deepseek,False,intent,0.9509165179915726,0.3424879559315741,0.9508581969421357,0.6083702410105616,4284,487,1086,7,256,200,,deepseek-flash,0.000129468,0.000258936
deepseek_seed1_157_motor,deepseek,False,motor,1.0874233171343803,0.3645930881612003,1.0873623450752348,0.7227692569140345,9615,537,2460,26,256,200,,deepseek-flash,0.00034696799999999996,0.0006939359999999999
deepseek_seed1_158_intent,deepseek,False,intent,0.6877497101668268,0.336893160128966,0.6876897311303765,0.3507965710014105,4284,487,1086,7,256,200,,deepseek-flash,0.000129468,0.000258936
deepseek_seed1_158_motor,deepseek,False,motor,0.9633355841506273,0.3853176811244339,0.963267908198759,0.5779502270743251,9615,537,2460,26,256,200,,deepseek-flash,0.00034696799999999996,0.0006939359999999999
deepseek_seed1_159_intent,deepseek,False,intent,0.8623445970006287,0.31738055194728076,0.8622863749042153,0.5449058229569346,4284,487,1086,7,256,200,,deepseek-flash,0.000129468,0.000258936
deepseek_seed1_159_motor,deepseek,False,motor,0.6998847930226475,0.3623713150154799,0.6998244770802557,0.3374531620647758,9615,537,2460,26,256,200,,deepseek-flash,0.00034696799999999996,0.0006939359999999999
deepseek_seed2_000_intent,deepseek,False,intent,1.0433222712017596,0.5274098801892251,1.0432359462138265,0.5158260660246015,4269,484,1082,7,0,200,,deepseek-flash,0.00016649999999999998,0.00033299999999999996
deepseek_seed2_000_motor,deepseek,False,motor,0.8431922190357,0.3227787590585649,0.8431445411406457,0.5203657820820808,9603,545,2456,26,256,200,,deepseek-flash,0.000346368,0.000692736
deepseek_seed2_001_intent,deepseek,False,intent,0.9525979470927268,0.2870879981201142,0.9525090071838349,0.6654210090637207,4288,484,1086,7,0,200,,deepseek-flash,0.0001671,0.0003342
deepseek_seed2_001_motor,deepseek,False,motor,0.6706047980114818,0.30301656387746334,0.6705164059530944,0.367499842075631,9622,545,2460,26,256,200,,deepseek-flash,0.00034696799999999996,0.0006939359999999999
deepseek_seed2_002_intent,deepseek,False,intent,0.5699626710265875,0.3003744559828192,0.5698894311208278,0.2695149751380086,4287,484,1086,7,0,200,,deepseek-flash,0.0001671,0.0003342
deepseek_seed2_002_motor,deepseek,False,motor,0.5446521539706737,0.3096803850494325,0.5445304261520505,0.23485004110261798,9620,545,2460,26,256,200,,deepseek-flash,0.00034696799999999996,0.0006939359999999999
deepseek_seed2_003_intent,deepseek,False,intent,0.9820156041532755,0.2921838581096381,0.9819500201847404,0.6897661620751023,4287,484,1086,7,0,200,,deepseek-flash,0.0001671,0.0003342
deepseek_seed2_003_motor,deepseek,False,motor,0.7507371120154858,0.31330162985250354,0.7506759529933333,0.4373743231408298,9620,545,2460,26,256,200,,deepseek-flash,0.00034696799999999996,0.0006939359999999999
deepseek_seed2_004_intent,deepseek,False,intent,0.7738545499742031,0.600446968106553,0.7737857690081,0.17333880090154707,4285,484,1086,7,0,200,,deepseek-flash,0.0001671,0.0003342
deepseek_seed2_004_motor,deepseek,False,motor,0.7417367268353701,0.48231756896711886,0.7416748818941414,0.2593573129270226,9617,545,2460,26,256,200,,deepseek-flash,0.00034696799999999996,0.0006939359999999999
deepseek_seed2_005_intent,deepseek,False,intent,0.6579822378698736,0.3001124078873545,0.6578892699908465,0.357776862103492,4282,484,1086,7,0,200,,deepseek-flash,0.0001671,0.0003342
deepseek_seed2_005_motor,deepseek,False,motor,0.8222636911086738,0.32765931519679725,0.822201460134238,0.49454214493744075,9613,545,2460,26,256,200,,deepseek-flash,0.00034696799999999996,0.0006939359999999999
deepseek_seed2_006_intent,deepseek,False,intent,0.6692272450309247,0.37804548791609704,0.6691350839100778,0.29108959599398077,4283,484,1086,7,0,200,,deepseek-flash,0.0001671,0.0003342
deepseek_seed2_006_motor,deepseek,False,motor,1.181118634995073,0.31942849582992494,1.1810520628932863,0.8616235670633614,9614,545,2460,26,256,200,,deepseek-flash,0.00034696799999999996,0.0006939359999999999
deepseek_seed2_007_intent,deepseek,False,intent,0.800099598011002,0.3030434329994023,0.800011781975627,0.49696834897622466,4283,484,1086,7,0,200,,deepseek-flash,0.0001671,0.0003342
deepseek_seed2_007_motor,deepseek,False,motor,0.7683412388432771,0.29785662493668497,0.7682834088336676,0.47042678389698267,9614,545,2460,26,256,200,,deepseek-flash,0.00034696799999999996,0.0006939359999999999
deepseek_seed2_008_intent,deepseek,False,intent,1.3301870911382139,0.561194950947538,1.330109829083085,0.768914878135547,4283,484,1086,7,0,200,,deepseek-flash,0.0001671,0.0003342
deepseek_seed2_008_motor,deepseek,False,motor,0.9215134708210826,0.38103040191344917,0.9213973998557776,0.5403669979423285,9614,541,2460,26,256,200,,deepseek-flash,0.00034696799999999996,0.0006939359999999999
deepseek_seed2_009_intent,deepseek,False,intent,0.7031769999302924,0.31232770695351064,0.7031186539679766,0.39079094701446593,4281,484,1086,7,0,200,,deepseek-flash,0.0001671,0.0003342
deepseek_seed2_009_motor,deepseek,False,motor,0.9111821679398417,0.30711863306351006,0.9110677691642195,0.6039491361007094,9611,541,2460,26,256,200,,deepseek-flash,0.00034696799999999996,0.0006939359999999999
deepseek_seed2_010_intent,deepseek,False,intent,1.0068386569619179,0.3076167169492692,1.0067814181093127,0.6991647011600435,4280,484,1086,7,0,200,,deepseek-flash,0.0001671,0.0003342
deepseek_seed2_010_motor,deepseek,False,motor,1.1252782780211419,0.333130027865991,1.1252039410173893,0.7920739131513983,9610,545,2460,26,256,200,,deepseek-flash,0.00034696799999999996,0.0006939359999999999
deepseek_seed2_011_intent,deepseek,False,intent,0.8909086000639945,0.30135982297360897,0.8908227591309696,0.5894629361573607,4281,484,1086,7,0,200,,deepseek-flash,0.0001671,0.0003342
deepseek_seed2_011_motor,deepseek,False,motor,0.9124734001234174,0.30327203404158354,0.9123832560144365,0.609111221972853,9611,545,2460,26,256,200,,deepseek-flash,0.00034696799999999996,0.0006939359999999999
deepseek_seed2_012_intent,deepseek,False,intent,0.5964234061539173,0.5962299110833555,0.596364381024614,0.00013446994125843048,4281,484,1086,7,0,200,,deepseek-flash,0.0001671,0.0003342
deepseek_seed2_012_motor,deepseek,False,motor,0.791747058974579,0.3067315178923309,0.7916796780191362,0.4849481601268053,9611,545,2460,26,256,200,,deepseek-flash,0.00034696799999999996,0.0006939359999999999
deepseek_seed2_013_intent,deepseek,False,intent,0.8160077258944511,0.3156162048690021,0.8159502469934523,0.5003340421244502,4283,484,1086,7,0,200,,deepseek-flash,0.0001671,0.0003342
deepseek_seed2_013_motor,deepseek,False,motor,1.0839553619734943,0.48716058884747326,1.0838964970316738,0.5967359081842005,9614,537,2460,26,256,200,,deepseek-flash,0.00034696799999999996,0.0006939359999999999
deepseek_seed2_014_intent,deepseek,False,intent,0.5338611339684576,0.3133403449319303,0.533804657869041,0.22046431293711066,4283,484,1086,7,0,200,,deepseek-flash,0.0001671,0.0003342
deepseek_seed2_014_motor,deepseek,False,motor,0.8159521070774645,0.3135184480343014,0.8158975939732045,0.5023791459389031,9614,537,2460,26,256,200,,deepseek-flash,0.00034696799999999996,0.0006939359999999999
deepseek_seed2_015_intent,deepseek,False,intent,0.9115874608978629,0.2900631818920374,0.9115304879378527,0.6214673060458153,4282,484,1086,7,0,200,,deepseek-flash,0.0001671,0.0003342
deepseek_seed2_015_motor,deepseek,False,motor,1.157192779937759,0.29493685183115304,1.1571053368970752,0.8621684850659221,9613,537,2460,26,256,200,,deepseek-flash,0.00034696799999999996,0.0006939359999999999
deepseek_seed2_016_intent,deepseek,False,intent,1.3048513229005039,0.5827607789542526,1.3047612090595067,0.722000430105254,4283,484,1086,7,0,200,,deepseek-flash,0.0001671,0.0003342
deepseek_seed2_016_motor,deepseek,False,motor,0.8120491518639028,0.3225477198138833,0.8119635540060699,0.4894158341921866,9614,534,2460,19,256,200,,deepseek-flash,0.0003427679999999999,0.0006855359999999998
deepseek_seed2_017_intent,deepseek,False,intent,0.6898582789581269,0.2917101790662855,0.6896861831191927,0.39797600405290723,4283,484,1086,7,0,200,,deepseek-flash,0.0001671,0.0003342
deepseek_seed2_017_motor,deepseek,False,motor,0.9901004899293184,0.3163190959021449,0.9900540730450302,0.6737349771428853,9614,541,2460,26,256,200,,deepseek-flash,0.00034696799999999996,0.0006939359999999999
deepseek_seed2_018_intent,deepseek,False,intent,0.90019486611709,0.28441588510759175,0.9001181591302156,0.6157022740226239,4283,484,1086,7,0,200,,deepseek-flash,0.0001671,0.0003342
deepseek_seed2_018_motor,deepseek,False,motor,1.0873297199141234,0.3145136758685112,1.087269035866484,0.7727553599979728,9614,537,2460,26,256,200,,deepseek-flash,0.00034696799999999996,0.0006939359999999999
deepseek_seed2_019_intent,deepseek,False,intent,1.1460401851218194,0.30958537803962827,1.145956679014489,0.8363713009748608,4283,484,1086,7,0,200,,deepseek-flash,0.0001671,0.0003342
deepseek_seed2_019_motor,deepseek,False,motor,0.8682032509241253,0.3413430410437286,0.8681415549945086,0.52679851395078,9614,545,2460,26,256,200,,deepseek-flash,0.00034696799999999996,0.0006939359999999999
deepseek_seed2_020_intent,deepseek,False,intent,0.9010531678795815,0.3070315830409527,0.9009941848926246,0.5939626018516719,4280,484,1086,7,0,200,,deepseek-flash,0.0001671,0.0003342
deepseek_seed2_020_motor,deepseek,False,motor,1.0283246079925448,0.3397830731701106,1.0282522409688681,0.6884691677987576,9610,545,2460,26,256,200,,deepseek-flash,0.00034696799999999996,0.0006939359999999999
deepseek_seed2_021_intent,deepseek,False,intent,0.7259494338650256,0.37066670088097453,0.7258913728874177,0.35522467200644314,4283,484,1086,7,0,200,,deepseek-flash,0.0001671,0.0003342
deepseek_seed2_021_motor,deepseek,False,motor,0.9960964920464903,0.3030728579033166,0.9959422689862549,0.6928694110829383,9614,545,2460,26,256,200,,deepseek-flash,0.00034696799999999996,0.0006939359999999999
deepseek_seed2_022_intent,deepseek,False,intent,0.9008607808500528,0.28703532088547945,0.9007945340126753,0.6137592131271958,4281,484,1086,7,0,200,,deepseek-flash,0.0001671,0.0003342
deepseek_seed2_022_motor,deepseek,False,motor,0.995627956930548,0.5575157979037613,0.9955531319137663,0.438037334010005,9611,537,2460,26,256,200,,deepseek-flash,0.00034696799999999996,0.0006939359999999999
deepseek_seed2_023_intent,deepseek,False,intent,0.988469981122762,0.29807802103459835,0.9883866601157933,0.690308639081195,4281,484,1086,7,0,200,,deepseek-flash,0.0001671,0.0003342
deepseek_seed2_023_motor,deepseek,False,motor,1.018327538156882,0.31727631809189916,1.0182725961785764,0.7009962780866772,9611,545,2460,26,256,200,,deepseek-flash,0.00034696799999999996,0.0006939359999999999
deepseek_seed2_024_intent,deepseek,False,intent,0.8631531361024827,0.4566498890053481,0.8630576019641012,0.4064077129587531,4283,484,1086,7,0,200,,deepseek-flash,0.0001671,0.0003342
deepseek_seed2_024_motor,deepseek,False,motor,0.7949641100130975,0.30537816300056875,0.7949039130471647,0.48952575004659593,9614,537,2460,26,256,200,,deepseek-flash,0.00034696799999999996,0.0006939359999999999
deepseek_seed2_025_intent,deepseek,False,intent,0.8555978301446885,0.37865525810047984,0.8555537541396916,0.47689849603921175,4282,484,1086,7,0,200,,deepseek-flash,0.0001671,0.0003342
deepseek_seed2_025_motor,deepseek,False,motor,0.7090672708582133,0.31091240397654474,0.7090138839557767,0.39810147997923195,9613,537,2460,26,256,200,,deepseek-flash,0.00034696799999999996,0.0006939359999999999
deepseek_seed2_026_intent,deepseek,False,intent,0.6041098108980805,0.31743816495873034,0.6040377840399742,0.2865996190812439,4283,487,1086,7,256,200,,deepseek-flash,0.000129468,0.000258936
deepseek_seed2_026_motor,deepseek,False,motor,0.8278804149013013,0.3267237290274352,0.82779347198084,0.5010697429534048,9614,537,2460,26,256,200,,deepseek-flash,0.00034696799999999996,0.0006939359999999999
deepseek_seed2_027_intent,deepseek,False,intent,1.0423607779666781,0.344470834126696,1.0422849471215159,0.6978141129948199,4283,487,1086,7,256,200,,deepseek-flash,0.000129468,0.000258936
deepseek_seed2_027_motor,deepseek,False,motor,0.716700840042904,0.3068869849666953,0.7166298110969365,0.40974282613024116,9614,537,2460,26,256,200,,deepseek-flash,0.00034696799999999996,0.0006939359999999999
deepseek_seed2_028_intent,deepseek,False,intent,0.9138629930093884,0.3060523848980665,0.913808663841337,0.6077562789432704,4283,487,1086,7,256,200,,deepseek-flash,0.000129468,0.000258936
deepseek_seed2_028_motor,deepseek,False,motor,0.9077329798601568,0.5594366199802607,0.9076672459486872,0.34823062596842647,9614,537,2460,26,256,200,,deepseek-flash,0.00034696799999999996,0.0006939359999999999
deepseek_seed2_029_intent,deepseek,False,intent,0.7169210829306394,0.2950345389544964,0.7168248877860606,0.4217903488315642,4283,487,1086,7,256,200,,deepseek-flash,0.000129468,0.000258936
deepseek_seed2_029_motor,deepseek,False,motor,0.7695501211564988,0.3020668290555477,0.7694816391449422,0.46741481008939445,9614,541,2460,26,256,200,,deepseek-flash,0.00034696799999999996,0.0006939359999999999
deepseek_seed2_030_intent,deepseek,False,intent,0.8562714399304241,0.294909805059433,0.8562120690476149,0.561302263988182,4282,484,1086,7,0,200,,deepseek-flash,0.0001671,0.0003342
deepseek_seed2_030_motor,deepseek,False,motor,0.559248578036204,0.29860637499950826,0.5590963519643992,0.26048997696489096,9613,537,2460,26,256,200,,deepseek-flash,0.00034696799999999996,0.0006939359999999999
deepseek_seed2_031_intent,deepseek,False,intent,0.8591398040298373,0.28487124503590167,0.8590496140532196,0.5741783690173179,4283,484,1086,7,0,200,,deepseek-flash,0.0001671,0.0003342
deepseek_seed2_031_motor,deepseek,False,motor,0.8100526400376111,0.31948948511853814,0.8099622330628335,0.4904727479442954,9614,537,2460,26,256,200,,deepseek-flash,0.00034696799999999996,0.0006939359999999999
deepseek_seed2_032_intent,deepseek,False,intent,0.8386967729311436,0.32180992397479713,0.8386400998570025,0.5168301758822054,4284,487,1086,7,256,200,,deepseek-flash,0.000129468,0.000258936
deepseek_seed2_032_motor,deepseek,False,motor,0.7908496491145343,0.30322546092793345,0.7907890940550715,0.487563633127138,9615,537,2460,26,256,200,,deepseek-flash,0.00034696799999999996,0.0006939359999999999
deepseek_seed2_033_intent,deepseek,False,intent,0.6702632671222091,0.30216433107852936,0.6702068850863725,0.36804255400784314,4284,487,1086,7,256,200,,deepseek-flash,0.000129468,0.000258936
deepseek_seed2_033_motor,deepseek,False,motor,0.9052452989853919,0.30655196495354176,0.9051848670933396,0.5986329021397978,9615,537,2460,26,256,200,,deepseek-flash,0.00034696799999999996,0.0006939359999999999
deepseek_seed2_034_intent,deepseek,False,intent,0.8266073470003903,0.29162244289182127,0.8265506990719587,0.5349282561801374,4284,487,1086,7,256,200,,deepseek-flash,0.000129468,0.000258936
deepseek_seed2_034_motor,deepseek,False,motor,0.6629447168670595,0.5597003698348999,0.6628837108146399,0.10318334097974002,9615,537,2460,26,256,200,,deepseek-flash,0.00034696799999999996,0.0006939359999999999
deepseek_seed2_035_intent,deepseek,False,intent,0.6883288088720292,0.3004104569554329,0.6882706009782851,0.3878601440228522,4283,487,1086,7,256,200,,deepseek-flash,0.000129468,0.000258936
deepseek_seed2_035_motor,deepseek,False,motor,0.9898324829991907,0.3234508619643748,0.9897710359655321,0.6663201740011573,9614,537,2460,26,256,200,,deepseek-flash,0.00034696799999999996,0.0006939359999999999
deepseek_seed2_036_intent,deepseek,False,intent,1.088228272041306,0.45562497596256435,1.0881691430695355,0.6325441671069711,4284,487,1086,7,256,200,,deepseek-flash,0.000129468,0.000258936
deepseek_seed2_036_motor,deepseek,False,motor,0.9941443358547986,0.29500968288630247,0.9940519270021468,0.6990422441158444,9615,537,2460,26,256,200,,deepseek-flash,0.00034696799999999996,0.0006939359999999999
deepseek_seed2_037_intent,deepseek,False,intent,0.7756874049082398,0.2829614100046456,0.7756298019085079,0.49266839190386236,4284,487,1086,7,256,200,,deepseek-flash,0.000129468,0.000258936
deepseek_seed2_037_motor,deepseek,False,motor,0.8424098719842732,0.30007593892514706,0.8423165979329497,0.5422406590078026,9615,537,2460,26,256,200,,deepseek-flash,0.00034696799999999996,0.0006939359999999999
deepseek_seed2_038_intent,deepseek,False,intent,0.6324136541225016,0.3113643559627235,0.6323245440144092,0.3209601880516857,4284,487,1086,7,256,200,,deepseek-flash,0.000129468,0.000258936
deepseek_seed2_038_motor,deepseek,False,motor,0.6831768990959972,0.31342717888765037,0.683115113992244,0.36968793510459363,9615,537,2460,26,256,200,,deepseek-flash,0.00034696799999999996,0.0006939359999999999
deepseek_seed2_039_intent,deepseek,False,intent,0.4551647200714797,0.2946220780722797,0.4551179481204599,0.16049587004818022,4284,487,1086,7,256,200,,deepseek-flash,0.000129468,0.000258936
deepseek_seed2_039_motor,deepseek,False,motor,0.8524792199023068,0.3230268219485879,0.8524156138300896,0.5293887918815017,9615,537,2460,26,256,200,,deepseek-flash,0.00034696799999999996,0.0006939359999999999
deepseek_seed2_040_intent,deepseek,False,intent,0.7042086061555892,0.32351750414818525,0.7041410920210183,0.380623587872833,4283,487,1086,7,256,200,,deepseek-flash,0.000129468,0.000258936
deepseek_seed2_040_motor,deepseek,False,motor,0.7610553831327707,0.35662856698036194,0.7609932550694793,0.4043646880891174,9614,537,2460,26,256,200,,deepseek-flash,0.00034696799999999996,0.0006939359999999999
deepseek_seed2_041_intent,deepseek,False,intent,0.8184798669535667,0.29122798796743155,0.8184202208649367,0.5271922328975052,4284,487,1086,7,256,200,,deepseek-flash,0.000129468,0.000258936
deepseek_seed2_041_motor,deepseek,False,motor,1.1102431311737746,0.3943707731086761,1.1101718042045832,0.7158010310959071,9615,537,2460,26,256,200,,deepseek-flash,0.00034696799999999996,0.0006939359999999999
deepseek_seed2_042_intent,deepseek,False,intent,0.6942351120524108,0.3044391490984708,0.6941870809532702,0.3897479318547994,4284,487,1086,7,256,200,,deepseek-flash,0.000129468,0.000258936
deepseek_seed2_042_motor,deepseek,False,motor,0.7744627189822495,0.3078312349971384,0.774401978822425,0.4665707438252866,9615,530,2460,19,256,200,,deepseek-flash,0.0003427679999999999,0.0006855359999999998
deepseek_seed2_043_intent,deepseek,False,intent,0.8107834728434682,0.28935508197173476,0.8107291848864406,0.5213741029147059,4284,487,1086,7,256,200,,deepseek-flash,0.000129468,0.000258936
deepseek_seed2_043_motor,deepseek,False,motor,0.6712243889924139,0.6710495569277555,0.6711754698771983,0.00012591294944286346,9615,537,2460,26,256,200,,deepseek-flash,0.00034696799999999996,0.0006939359999999999
deepseek_seed2_044_intent,deepseek,False,intent,0.9485773430205882,0.3829656490124762,0.9485336020588875,0.5655679530464113,4284,487,1086,7,256,200,,deepseek-flash,0.000129468,0.000258936
deepseek_seed2_044_motor,deepseek,False,motor,0.8064175008330494,0.3218937017954886,0.806355042848736,0.48446134105324745,9615,537,2460,26,256,200,,deepseek-flash,0.00034696799999999996,0.0006939359999999999
deepseek_seed2_045_intent,deepseek,False,intent,1.475074078189209,0.3216334329918027,1.4750098111107945,1.1533763781189919,4283,487,1086,7,256,200,,deepseek-flash,0.000129468,0.000258936
deepseek_seed2_045_motor,deepseek,False,motor,0.7894226228818297,0.3053823260124773,0.7893593169283122,0.4839769909158349,9614,537,2460,26,256,200,,deepseek-flash,0.00034696799999999996,0.0006939359999999999
deepseek_seed2_046_intent,deepseek,False,intent,0.6183589140418917,0.3623825148679316,0.6182822149712592,0.25589970010332763,4284,487,1086,7,256,200,,deepseek-flash,0.000129468,0.000258936
deepseek_seed2_046_motor,deepseek,False,motor,1.0580011941492558,0.33239763998426497,1.0579508310183883,0.7255531910341233,9615,537,2460,26,256,200,,deepseek-flash,0.00034696799999999996,0.0006939359999999999
deepseek_seed2_047_intent,deepseek,False,intent,0.722213625907898,0.7220680478494614,0.7221661780495197,9.813020005822182e-05,4284,487,1086,7,256,200,,deepseek-flash,0.000129468,0.000258936
deepseek_seed2_047_motor,deepseek,False,motor,0.8103738620411605,0.3177486341446638,0.8103111679665744,0.4925625338219106,9615,537,2460,26,256,200,,deepseek-flash,0.00034696799999999996,0.0006939359999999999
deepseek_seed2_048_intent,deepseek,False,intent,0.7348253049422055,0.3017283019144088,0.7347322509158403,0.43300394900143147,4284,487,1086,7,256,200,,deepseek-flash,0.000129468,0.000258936
deepseek_seed2_048_motor,deepseek,False,motor,0.8540919860824943,0.3221220779232681,0.8540003439411521,0.531878266017884,9615,537,2460,26,256,200,,deepseek-flash,0.00034696799999999996,0.0006939359999999999
deepseek_seed2_049_intent,deepseek,False,intent,0.9619701178744435,0.3068269870709628,0.9619025168940425,0.6550755298230797,4284,487,1086,7,256,200,,deepseek-flash,0.000129468,0.000258936
deepseek_seed2_049_motor,deepseek,False,motor,0.7464418741874397,0.31205115700140595,0.7463825831655413,0.43433142616413534,9615,537,2460,26,256,200,,deepseek-flash,0.00034696799999999996,0.0006939359999999999
deepseek_seed2_050_intent,deepseek,False,intent,0.7961767290253192,0.29387940699234605,0.7961086130235344,0.5022292060311884,4283,487,1086,7,256,200,,deepseek-flash,0.000129468,0.000258936
deepseek_seed2_050_motor,deepseek,False,motor,0.6907267200294882,0.31734258588403463,0.6906386539340019,0.3732960680499673,9614,537,2460,26,256,200,,deepseek-flash,0.00034696799999999996,0.0006939359999999999
deepseek_seed2_051_intent,deepseek,False,intent,0.6229197878856212,0.36365122301504016,0.6227667229250073,0.2591154999099672,4284,487,1086,7,256,200,,deepseek-flash,0.000129468,0.000258936
deepseek_seed2_051_motor,deepseek,False,motor,0.931496619945392,0.3194497050717473,0.9314137869514525,0.6119640818797052,9615,537,2460,26,256,200,,deepseek-flash,0.00034696799999999996,0.0006939359999999999
deepseek_seed2_052_intent,deepseek,False,intent,0.7293940300587565,0.311397397890687,0.7293352200649679,0.4179378221742809,4284,487,1086,7,256,200,,deepseek-flash,0.000129468,0.000258936
deepseek_seed2_052_motor,deepseek,False,motor,0.7844019790645689,0.3198178771417588,0.7843060081358999,0.4644881309941411,9615,537,2460,26,256,200,,deepseek-flash,0.00034696799999999996,0.0006939359999999999
deepseek_seed2_053_intent,deepseek,False,intent,0.8833454430568963,0.29522965010255575,0.8832864789292216,0.5880568288266659,4284,487,1086,7,256,200,,deepseek-flash,0.000129468,0.000258936
deepseek_seed2_053_motor,deepseek,False,motor,0.8317113609518856,0.31587298307567835,0.8316491320729256,0.5157761489972472,9615,537,2460,26,256,200,,deepseek-flash,0.00034696799999999996,0.0006939359999999999
deepseek_seed2_054_intent,deepseek,False,intent,1.0517498799599707,0.3689010690432042,1.0516797779127955,0.6827787088695914,4284,487,1086,7,256,200,,deepseek-flash,0.000129468,0.000258936
deepseek_seed2_054_motor,deepseek,False,motor,1.2398189040832222,0.5632732561789453,1.2397583520505577,0.6764850958716124,9615,537,2460,26,256,200,,deepseek-flash,0.00034696799999999996,0.0006939359999999999
deepseek_seed2_055_intent,deepseek,False,intent,0.9570084130391479,0.30564060201868415,0.9569500510115176,0.6513094489928335,4283,487,1086,7,256,200,,deepseek-flash,0.000129468,0.000258936
deepseek_seed2_055_motor,deepseek,False,motor,1.0350306627806276,0.3882003128528595,1.034968534950167,0.6467682220973074,9614,537,2460,26,256,200,,deepseek-flash,0.00034696799999999996,0.0006939359999999999
deepseek_seed2_056_intent,deepseek,False,intent,0.7197112811263651,0.3044067530427128,0.7196427350863814,0.4152359820436686,4284,484,1086,7,0,200,,deepseek-flash,0.0001671,0.0003342
deepseek_seed2_056_motor,deepseek,False,motor,1.442622022004798,0.46102771908044815,1.4425617069937289,0.9815339879132807,9615,537,2460,26,256,200,,deepseek-flash,0.00034696799999999996,0.0006939359999999999
deepseek_seed2_057_intent,deepseek,False,intent,1.6971559450030327,1.3375651210080832,1.69706771383062,0.3595025928225368,4284,487,1086,7,256,200,,deepseek-flash,0.000129468,0.000258936
deepseek_seed2_057_motor,deepseek,False,motor,0.9925564280711114,0.33326894184574485,0.9924920520279557,0.6592231101822108,9615,537,2460,26,256,200,,deepseek-flash,0.00034696799999999996,0.0006939359999999999
deepseek_seed2_058_intent,deepseek,False,intent,0.9538558858912438,0.32563515310175717,0.9537883989978582,0.628153245896101,4284,487,1086,7,256,200,,deepseek-flash,0.000129468,0.000258936
deepseek_seed2_058_motor,deepseek,False,motor,1.1287482858169824,0.31028709304519,1.1286868688184768,0.8183997757732868,9615,537,2460,26,256,200,,deepseek-flash,0.00034696799999999996,0.0006939359999999999
deepseek_seed2_059_intent,deepseek,False,intent,0.8688570740632713,0.47609107405878603,0.8687867380212992,0.3926956639625132,4284,487,1086,7,256,200,,deepseek-flash,0.000129468,0.000258936
deepseek_seed2_059_motor,deepseek,False,motor,0.797975204885006,0.40130215301178396,0.7978292449843138,0.3965270919725299,9615,537,2460,26,256,200,,deepseek-flash,0.00034696799999999996,0.0006939359999999999
deepseek_seed2_060_intent,deepseek,False,intent,0.9559033780824393,0.34265733999200165,0.9558490910567343,0.6131917510647327,4283,487,1086,7,256,200,,deepseek-flash,0.000129468,0.000258936
deepseek_seed2_060_motor,deepseek,False,motor,1.073658413020894,0.3138736670371145,1.0735914900433272,0.7597178230062127,9614,537,2460,26,256,200,,deepseek-flash,0.00034696799999999996,0.0006939359999999999
deepseek_seed2_061_intent,deepseek,False,intent,0.6197401757817715,0.2998270047828555,0.6196919509675354,0.31986494618467987,4284,487,1086,7,256,200,,deepseek-flash,0.000129468,0.000258936
deepseek_seed2_061_motor,deepseek,False,motor,0.6154059711843729,0.34659448312595487,0.6153541950043291,0.2687597118783742,9615,537,2460,26,256,200,,deepseek-flash,0.00034696799999999996,0.0006939359999999999
deepseek_seed2_062_intent,deepseek,False,intent,0.7682073679752648,0.28166038799099624,0.7681396719999611,0.4864792840089649,4284,487,1086,7,256,200,,deepseek-flash,0.000129468,0.000258936
deepseek_seed2_062_motor,deepseek,False,motor,0.8917285860516131,0.31627769209444523,0.8916297771502286,0.5753520850557834,9615,537,2460,26,256,200,,deepseek-flash,0.00034696799999999996,0.0006939359999999999
deepseek_seed2_063_intent,deepseek,False,intent,0.9975736390333623,0.6083652211818844,0.9974711500108242,0.3891059288289398,4284,487,1086,7,256,200,,deepseek-flash,0.000129468,0.000258936
deepseek_seed2_063_motor,deepseek,False,motor,0.746719554066658,0.3092839240562171,0.7465678271837533,0.4372839031275362,9615,530,2460,19,256,200,,deepseek-flash,0.0003427679999999999,0.0006855359999999998
deepseek_seed2_064_intent,deepseek,False,intent,0.8349728020839393,0.29852047516033053,0.8349024769850075,0.536382001824677,4284,487,1086,7,256,200,,deepseek-flash,0.000129468,0.000258936
deepseek_seed2_064_motor,deepseek,False,motor,1.1558039679657668,0.32378656789660454,1.1556544220075011,0.8318678541108966,9615,537,2460,26,256,200,,deepseek-flash,0.00034696799999999996,0.0006939359999999999
deepseek_seed2_065_intent,deepseek,False,intent,1.0860452400520444,0.29835191601887345,1.0859680760186166,0.7876161599997431,4283,487,1086,7,256,200,,deepseek-flash,0.000129468,0.000258936
deepseek_seed2_065_motor,deepseek,False,motor,0.9648078319150954,0.34257599897682667,0.9646934550255537,0.622117456048727,9614,537,2460,26,256,200,,deepseek-flash,0.00034696799999999996,0.0006939359999999999
deepseek_seed2_066_intent,deepseek,False,intent,0.9448469730559736,0.4615413418505341,0.9447204789612442,0.48317913711071014,4284,487,1086,7,256,200,,deepseek-flash,0.000129468,0.000258936
deepseek_seed2_066_motor,deepseek,False,motor,1.0160594249609858,0.3009810100775212,1.015989223960787,0.7150082138832659,9615,537,2460,26,256,200,,deepseek-flash,0.00034696799999999996,0.0006939359999999999
deepseek_seed2_067_intent,deepseek,False,intent,0.6359358839690685,0.30209700111299753,0.6358326049521565,0.333735603839159,4284,487,1086,7,256,200,,deepseek-flash,0.000129468,0.000258936
deepseek_seed2_067_motor,deepseek,False,motor,0.6875965530052781,0.3151742860209197,0.6875316700898111,0.3723573840688914,9615,537,2460,26,256,200,,deepseek-flash,0.00034696799999999996,0.0006939359999999999
deepseek_seed2_068_intent,deepseek,False,intent,0.688254636945203,0.30587664898484945,0.6881259719375521,0.38224932295270264,4284,487,1086,7,256,200,,deepseek-flash,0.000129468,0.000258936
deepseek_seed2_068_motor,deepseek,False,motor,0.7653655540198088,0.30183690902777016,0.7652689490932971,0.46343204006552696,9615,537,2460,26,256,200,,deepseek-flash,0.00034696799999999996,0.0006939359999999999
deepseek_seed2_069_intent,deepseek,False,intent,1.315494637005031,0.3134270659647882,1.315414547920227,1.0019874819554389,4284,487,1086,7,256,200,,deepseek-flash,0.000129468,0.000258936
deepseek_seed2_069_motor,deepseek,False,motor,0.7546492589171976,0.3266873899847269,0.7545887420419604,0.42790135205723345,9615,537,2460,26,256,200,,deepseek-flash,0.00034696799999999996,0.0006939359999999999
deepseek_seed2_070_intent,deepseek,False,intent,0.6063255709595978,0.3162381199654192,0.6062480558175594,0.2900099358521402,4283,487,1086,7,256,200,,deepseek-flash,0.000129468,0.000258936
deepseek_seed2_070_motor,deepseek,False,motor,0.6991781101096421,0.2978441009763628,0.6991168160457164,0.4012727150693536,9614,537,2460,26,256,200,,deepseek-flash,0.00034696799999999996,0.0006939359999999999
deepseek_seed2_071_intent,deepseek,False,intent,0.8041958571411669,0.3440418930258602,0.8041380380745977,0.4600961450487375,4284,487,1086,7,256,200,,deepseek-flash,0.000129468,0.000258936
deepseek_seed2_071_motor,deepseek,False,motor,0.956689178943634,0.31181248603388667,0.9566180140245706,0.6448055279906839,9615,537,2460,26,256,200,,deepseek-flash,0.00034696799999999996,0.0006939359999999999
deepseek_seed2_072_intent,deepseek,False,intent,0.755442616995424,0.3285225220024586,0.7553193441126496,0.426796822110191,4284,487,1086,7,256,200,,deepseek-flash,0.000129468,0.000258936
deepseek_seed2_072_motor,deepseek,False,motor,1.0667216258589178,0.36849483801051974,1.0666613259818405,0.6981664879713207,9615,537,2460,26,256,200,,deepseek-flash,0.00034696799999999996,0.0006939359999999999
deepseek_seed2_073_intent,deepseek,False,intent,0.7854256620630622,0.5610425160266459,0.7853599041700363,0.22431738814339042,4284,487,1086,7,256,200,,deepseek-flash,0.000129468,0.000258936
deepseek_seed2_073_motor,deepseek,False,motor,0.7975574780721217,0.3173797510098666,0.7974863890558481,0.4801066380459815,9615,537,2460,26,256,200,,deepseek-flash,0.00034696799999999996,0.0006939359999999999
deepseek_seed2_074_intent,deepseek,False,intent,0.6132912731263787,0.31477403407916427,0.6132025111000985,0.2984284770209342,4284,487,1086,7,256,200,,deepseek-flash,0.000129468,0.000258936
deepseek_seed2_074_motor,deepseek,False,motor,0.8860762920230627,0.6231601119507104,0.8859972320497036,0.2628371200989932,9615,537,2460,26,256,200,,deepseek-flash,0.00034696799999999996,0.0006939359999999999
deepseek_seed2_075_intent,deepseek,False,intent,0.7331200810149312,0.3756901999004185,0.732979706954211,0.3572895070537925,4283,487,1086,7,256,200,,deepseek-flash,0.000129468,0.000258936
deepseek_seed2_075_motor,deepseek,False,motor,0.6575193770695478,0.3117514031473547,0.6573667740449309,0.3456153708975762,9614,537,2460,26,256,200,,deepseek-flash,0.00034696799999999996,0.0006939359999999999
deepseek_seed2_076_intent,deepseek,False,intent,0.7296111709438264,0.2981267850846052,0.7294792931061238,0.4313525080215186,4284,487,1086,7,256,200,,deepseek-flash,0.000129468,0.000258936
deepseek_seed2_076_motor,deepseek,False,motor,0.9073559178505093,0.34539183299057186,0.9073019530624151,0.5619101200718433,9615,537,2460,26,256,200,,deepseek-flash,0.00034696799999999996,0.0006939359999999999
deepseek_seed2_077_intent,deepseek,False,intent,0.8186578261666,0.2982084371615201,0.8185801531653851,0.520371716003865,4284,487,1086,7,256,200,,deepseek-flash,0.000129468,0.000258936
deepseek_seed2_077_motor,deepseek,False,motor,0.7890475010499358,0.3078005111310631,0.7890006951056421,0.481200183974579,9615,537,2460,26,256,200,,deepseek-flash,0.00034696799999999996,0.0006939359999999999
deepseek_seed2_078_intent,deepseek,False,intent,0.7593929439317435,0.3032539929263294,0.7593452248256654,0.456091231899336,4284,487,1086,7,256,200,,deepseek-flash,0.000129468,0.000258936
deepseek_seed2_078_motor,deepseek,False,motor,0.8606404240708798,0.3162152909208089,0.8605416920036077,0.5443264010827988,9615,537,2460,26,256,200,,deepseek-flash,0.00034696799999999996,0.0006939359999999999
deepseek_seed2_079_intent,deepseek,False,intent,0.9510327749885619,0.29935253295116127,0.9509717170149088,0.6516191840637475,4284,487,1086,7,256,200,,deepseek-flash,0.000129468,0.000258936
deepseek_seed2_079_motor,deepseek,False,motor,0.8734960600268096,0.3173368100542575,0.8733988581225276,0.5560620480682701,9615,537,2460,26,256,200,,deepseek-flash,0.00034696799999999996,0.0006939359999999999
deepseek_seed2_080_intent,deepseek,False,intent,0.8256267108954489,0.28463319898582995,0.8255668499041349,0.5409336509183049,4283,484,1086,7,0,200,,deepseek-flash,0.0001671,0.0003342
deepseek_seed2_080_motor,deepseek,False,motor,0.796181206125766,0.3057285719551146,0.7960506470408291,0.49032207508571446,9614,537,2460,26,256,200,,deepseek-flash,0.00034696799999999996,0.0006939359999999999
deepseek_seed2_081_intent,deepseek,False,intent,0.7435216070152819,0.29702889709733427,0.7434487889986485,0.44641989190131426,4284,487,1086,7,256,200,,deepseek-flash,0.000129468,0.000258936
deepseek_seed2_081_motor,deepseek,False,motor,0.8165271431207657,0.3004954680800438,0.8164585661143064,0.5159630980342627,9615,537,2460,26,256,200,,deepseek-flash,0.00034696799999999996,0.0006939359999999999
deepseek_seed2_082_intent,deepseek,False,intent,1.1356337268371135,0.2892613799776882,1.1355043910443783,0.8462430110666901,4284,487,1086,7,256,200,,deepseek-flash,0.000129468,0.000258936
deepseek_seed2_082_motor,deepseek,False,motor,0.979511212091893,0.6240041521377861,0.9794504141900688,0.3554462620522827,9615,537,2460,26,256,200,,deepseek-flash,0.00034696799999999996,0.0006939359999999999
deepseek_seed2_083_intent,deepseek,False,intent,0.6751157199032605,0.5566069318447262,0.675037806853652,0.1184308750089258,4284,487,1086,7,256,200,,deepseek-flash,0.000129468,0.000258936
deepseek_seed2_083_motor,deepseek,False,motor,1.021705840015784,0.31772146513685584,1.0216428220737725,0.7039213569369167,9615,537,2460,26,256,200,,deepseek-flash,0.00034696799999999996,0.0006939359999999999
deepseek_seed2_084_intent,deepseek,False,intent,0.65649648103863,0.2962925338651985,0.6563783278688788,0.36008579400368035,4284,487,1086,7,256,200,,deepseek-flash,0.000129468,0.000258936
deepseek_seed2_084_motor,deepseek,False,motor,1.058242378057912,0.3088197959586978,1.0581416138447821,0.7493218178860843,9615,537,2460,26,256,200,,deepseek-flash,0.00034696799999999996,0.0006939359999999999
deepseek_seed2_085_intent,deepseek,False,intent,0.5635620870161802,0.3176985699683428,0.563483522972092,0.24578495300374925,4283,487,1086,7,256,200,,deepseek-flash,0.000129468,0.000258936
deepseek_seed2_085_motor,deepseek,False,motor,1.0472856510896236,0.3076016320846975,1.047147042118013,0.7395454100333154,9614,537,2460,26,256,200,,deepseek-flash,0.00034696799999999996,0.0006939359999999999
deepseek_seed2_086_intent,deepseek,False,intent,0.8048913169186562,0.5615511890500784,0.8047784159425646,0.24322722689248621,4284,487,1086,7,256,200,,deepseek-flash,0.000129468,0.000258936
deepseek_seed2_086_motor,deepseek,False,motor,0.7780516468919814,0.4284911260474473,0.7780041319783777,0.3495130059309304,9615,537,2460,26,256,200,,deepseek-flash,0.00034696799999999996,0.0006939359999999999
deepseek_seed2_087_intent,deepseek,False,intent,0.7602327698841691,0.3132316379342228,0.7601849678903818,0.446953329956159,4284,487,1086,7,256,200,,deepseek-flash,0.000129468,0.000258936
deepseek_seed2_087_motor,deepseek,False,motor,0.8722062311135232,0.5849202000536025,0.872138983104378,0.28721878305077553,9615,537,2460,26,256,200,,deepseek-flash,0.00034696799999999996,0.0006939359999999999
deepseek_seed2_088_intent,deepseek,False,intent,0.9218446309678257,0.2874463989865035,0.9217551639303565,0.634308764943853,4284,487,1086,7,256,200,,deepseek-flash,0.000129468,0.000258936
deepseek_seed2_088_motor,deepseek,False,motor,1.011185185983777,0.29933889396488667,1.0110995760187507,0.711760682053864,9615,530,2460,19,256,200,,deepseek-flash,0.0003427679999999999,0.0006855359999999998
deepseek_seed2_089_intent,deepseek,False,intent,0.6186997829936445,0.30215717596001923,0.6186073990538716,0.3164502230938524,4284,487,1086,7,256,200,,deepseek-flash,0.000129468,0.000258936
deepseek_seed2_089_motor,deepseek,False,motor,0.9017593378666788,0.2977362920064479,0.9016934698447585,0.6039571778383106,9615,537,2460,26,256,200,,deepseek-flash,0.00034696799999999996,0.0006939359999999999
deepseek_seed2_090_intent,deepseek,False,intent,0.6870679059065878,0.3013488040305674,0.6869939928874373,0.38564518885686994,4283,487,1086,7,256,200,,deepseek-flash,0.000129468,0.000258936
deepseek_seed2_090_motor,deepseek,False,motor,1.133839342975989,0.3057831069454551,1.1337427829857916,0.8279596760403365,9614,537,2460,26,256,200,,deepseek-flash,0.00034696799999999996,0.0006939359999999999
deepseek_seed2_091_intent,deepseek,False,intent,0.7338822029996663,0.32724818401038647,0.7338337909895927,0.4065856069792062,4284,487,1086,7,256,200,,deepseek-flash,0.000129468,0.000258936
deepseek_seed2_091_motor,deepseek,False,motor,0.9111841039266437,0.3704842748120427,0.9111218259204179,0.5406375511083752,9615,537,2460,26,256,200,,deepseek-flash,0.00034696799999999996,0.0006939359999999999
deepseek_seed2_092_intent,deepseek,False,intent,0.7736433269456029,0.29235518793575466,0.7735818871296942,0.48122669919393957,4284,487,1086,7,256,200,,deepseek-flash,0.000129468,0.000258936
deepseek_seed2_092_motor,deepseek,False,motor,0.8673567860387266,0.36987510696053505,0.8672948891762644,0.49741978221572936,9615,537,2460,26,256,200,,deepseek-flash,0.00034696799999999996,0.0006939359999999999
deepseek_seed2_093_intent,deepseek,False,intent,0.9615606730803847,0.3199182120151818,0.9615032561123371,0.6415850440971553,4284,487,1086,7,256,200,,deepseek-flash,0.000129468,0.000258936
deepseek_seed2_093_motor,deepseek,False,motor,0.9207165490370244,0.34640065021812916,0.9206244521774352,0.574223801959306,9615,537,2460,26,256,200,,deepseek-flash,0.00034696799999999996,0.0006939359999999999
deepseek_seed2_094_intent,deepseek,False,intent,0.7151208659633994,0.30167618580162525,0.7150469089392573,0.413370723137632,4284,487,1086,7,256,200,,deepseek-flash,0.000129468,0.000258936
deepseek_seed2_094_motor,deepseek,False,motor,0.670696894172579,0.32207594299688935,0.670631131157279,0.34855518816038966,9615,537,2460,26,256,200,,deepseek-flash,0.00034696799999999996,0.0006939359999999999
deepseek_seed2_095_intent,deepseek,False,intent,0.6221645369660109,0.2951456948649138,0.6220200709067285,0.3268743760418147,4283,487,1086,7,256,200,,deepseek-flash,0.000129468,0.000258936
deepseek_seed2_095_motor,deepseek,False,motor,0.9296431590337306,0.34416777617298067,0.9295776979997754,0.5854099218267947,9614,537,2460,26,256,200,,deepseek-flash,0.00034696799999999996,0.0006939359999999999
deepseek_seed2_096_intent,deepseek,False,intent,0.9666413238737732,0.3482967938762158,0.9665027079172432,0.6182059140410274,4284,487,1086,7,256,200,,deepseek-flash,0.000129468,0.000258936
deepseek_seed2_096_motor,deepseek,False,motor,0.8541265309322625,0.3214304649736732,0.8540519720409065,0.5326215070672333,9615,537,2460,26,256,200,,deepseek-flash,0.00034696799999999996,0.0006939359999999999
deepseek_seed2_097_intent,deepseek,False,intent,0.9604792550671846,0.3050748510286212,0.9603902760427445,0.6553154250141233,4284,487,1086,7,256,200,,deepseek-flash,0.000129468,0.000258936
deepseek_seed2_097_motor,deepseek,False,motor,0.982124931877479,0.3181747149210423,0.9820729980710894,0.6638982831500471,9615,537,2460,26,256,200,,deepseek-flash,0.00034696799999999996,0.0006939359999999999
deepseek_seed2_098_intent,deepseek,False,intent,0.6695430530235171,0.3063693360891193,0.6694891599472612,0.3631198238581419,4284,487,1086,7,256,200,,deepseek-flash,0.000129468,0.000258936
deepseek_seed2_098_motor,deepseek,False,motor,0.9540228438563645,0.33854860602878034,0.9538850940298289,0.6153364880010486,9615,530,2460,19,256,200,,deepseek-flash,0.0003427679999999999,0.0006855359999999998
deepseek_seed2_099_intent,deepseek,False,intent,0.7361191581003368,0.3008263430092484,0.7360149619635195,0.4351886189542711,4284,487,1086,7,256,200,,deepseek-flash,0.000129468,0.000258936
deepseek_seed2_099_motor,deepseek,False,motor,0.908603437943384,0.8507261949125677,0.9084537238813937,0.057727528968825936,9615,537,2460,26,256,200,,deepseek-flash,0.00034696799999999996,0.0006939359999999999
deepseek_seed2_100_intent,deepseek,False,intent,0.7593096769414842,0.310849780915305,0.7592639219947159,0.4484141410794109,4283,487,1086,7,256,200,,deepseek-flash,0.000129468,0.000258936
deepseek_seed2_100_motor,deepseek,False,motor,1.153812589822337,0.3387784108053893,1.1537605009507388,0.8149820901453495,9614,537,2460,26,256,200,,deepseek-flash,0.00034696799999999996,0.0006939359999999999
deepseek_seed2_101_intent,deepseek,False,intent,0.6489406418986619,0.2869661638978869,0.6488034138455987,0.3618372499477118,4284,487,1086,7,256,200,,deepseek-flash,0.000129468,0.000258936
deepseek_seed2_101_motor,deepseek,False,motor,0.8830954779405147,0.34826874383725226,0.883036179933697,0.5347674360964447,9615,530,2460,19,256,200,,deepseek-flash,0.0003427679999999999,0.0006855359999999998
deepseek_seed2_102_intent,deepseek,False,intent,0.6953077020589262,0.3162059870082885,0.6952451220713556,0.3790391350630671,4284,487,1086,7,256,200,,deepseek-flash,0.000129468,0.000258936
deepseek_seed2_102_motor,deepseek,False,motor,0.9042877110186964,0.31468324991874397,0.9042271960061044,0.5895439460873604,9615,537,2460,26,256,200,,deepseek-flash,0.00034696799999999996,0.0006939359999999999
deepseek_seed2_103_intent,deepseek,False,intent,0.917914001038298,0.5918793310411274,0.9178288991097361,0.32594956806860864,4284,487,1086,7,256,200,,deepseek-flash,0.000129468,0.000258936
deepseek_seed2_103_motor,deepseek,False,motor,0.8820590910036117,0.37123368098400533,0.8819978300016373,0.510764149017632,9615,537,2460,26,256,200,,deepseek-flash,0.00034696799999999996,0.0006939359999999999
deepseek_seed2_104_intent,deepseek,False,intent,0.8193414539564401,0.2908075221348554,0.8192690510768443,0.528461528941989,4284,487,1086,7,256,200,,deepseek-flash,0.000129468,0.000258936
deepseek_seed2_104_motor,deepseek,False,motor,0.7177642590831965,0.2998337720055133,0.7177013631444424,0.41786759113892913,9615,537,2460,26,256,200,,deepseek-flash,0.00034696799999999996,0.0006939359999999999
deepseek_seed2_105_intent,deepseek,False,intent,1.01325405202806,0.29740414512343705,1.0131965670734644,0.7157924219500273,4283,487,1086,7,256,200,,deepseek-flash,0.000129468,0.000258936
deepseek_seed2_105_motor,deepseek,False,motor,0.8844377640634775,0.3178401719778776,0.8843876409810036,0.566547469003126,9614,537,2460,26,256,200,,deepseek-flash,0.00034696799999999996,0.0006939359999999999
deepseek_seed2_106_intent,deepseek,False,intent,0.8858915530145168,0.32196791702881455,0.8858429191168398,0.5638750020880252,4284,487,1086,7,256,200,,deepseek-flash,0.000129468,0.000258936
deepseek_seed2_106_motor,deepseek,False,motor,0.8556975540705025,0.5839799279347062,0.8556393620092422,0.27165943407453597,9615,537,2460,26,256,200,,deepseek-flash,0.00034696799999999996,0.0006939359999999999
deepseek_seed2_107_intent,deepseek,False,intent,1.1064623959828168,0.3202579540666193,1.1064130868762732,0.7861551328096539,4284,487,1086,7,256,200,,deepseek-flash,0.000129468,0.000258936
deepseek_seed2_107_motor,deepseek,False,motor,0.7914482210762799,0.3417622649576515,0.7913960479199886,0.44963378296233714,9615,537,2460,26,256,200,,deepseek-flash,0.00034696799999999996,0.0006939359999999999
deepseek_seed2_108_intent,deepseek,False,intent,0.9322786869015545,0.2972804440651089,0.9322045559529215,0.6349241118878126,4284,487,1086,7,256,200,,deepseek-flash,0.000129468,0.000258936
deepseek_seed2_108_motor,deepseek,False,motor,1.0882222729269415,0.31124772992916405,1.0881526698358357,0.7769049399066716,9615,537,2460,26,256,200,,deepseek-flash,0.00034696799999999996,0.0006939359999999999
deepseek_seed2_109_intent,deepseek,False,intent,0.7632178589701653,0.29820984788239,0.7631597509607673,0.46494990307837725,4284,487,1086,7,256,200,,deepseek-flash,0.000129468,0.000258936
deepseek_seed2_109_motor,deepseek,False,motor,0.6888385519850999,0.32891694200225174,0.6887272950261831,0.3598103530239314,9615,537,2460,26,256,200,,deepseek-flash,0.00034696799999999996,0.0006939359999999999
deepseek_seed2_110_intent,deepseek,False,intent,0.7662542350590229,0.3023912310600281,0.766133822966367,0.46374259190633893,4283,487,1086,7,256,200,,deepseek-flash,0.000129468,0.000258936
deepseek_seed2_110_motor,deepseek,False,motor,0.8086358259897679,0.4084055279381573,0.8085495010018349,0.40014397306367755,9614,530,2460,19,256,200,,deepseek-flash,0.0003427679999999999,0.0006855359999999998
deepseek_seed2_111_intent,deepseek,False,intent,0.8057453911751509,0.5748128690756857,0.8056702790781856,0.23085741000249982,4284,487,1086,7,256,200,,deepseek-flash,0.000129468,0.000258936
deepseek_seed2_111_motor,deepseek,False,motor,0.7379494889173657,0.352904292056337,0.7378887999802828,0.3849845079239458,9615,537,2460,26,256,200,,deepseek-flash,0.00034696799999999996,0.0006939359999999999
deepseek_seed2_112_intent,deepseek,False,intent,0.7949447541031986,0.30082204192876816,0.794855295913294,0.4940332539845258,4284,487,1086,7,256,200,,deepseek-flash,0.000129468,0.000258936
deepseek_seed2_112_motor,deepseek,False,motor,0.9728968408890069,0.31362981209531426,0.9728329249192029,0.6592031128238887,9615,537,2460,26,256,200,,deepseek-flash,0.00034696799999999996,0.0006939359999999999
deepseek_seed2_113_intent,deepseek,False,intent,0.8524781938176602,0.301624609855935,0.8524216029327363,0.5507969930768013,4284,487,1086,7,256,200,,deepseek-flash,0.000129468,0.000258936
deepseek_seed2_113_motor,deepseek,False,motor,0.7479638000950217,0.5711188951972872,0.7479038171004504,0.1767849219031632,9615,537,2460,26,256,200,,deepseek-flash,0.00034696799999999996,0.0006939359999999999
deepseek_seed2_114_intent,deepseek,False,intent,0.7882193920668215,0.301774158840999,0.7881354710552841,0.48636131221428514,4284,487,1086,7,256,200,,deepseek-flash,0.000129468,0.000258936
deepseek_seed2_114_motor,deepseek,False,motor,0.9309496758505702,0.2929480748716742,0.9308473980054259,0.6378993231337517,9615,537,2460,26,256,200,,deepseek-flash,0.00034696799999999996,0.0006939359999999999
deepseek_seed2_115_intent,deepseek,False,intent,0.9098255508579314,0.307592716999352,0.9097668428439647,0.6021741258446127,4283,487,1086,7,256,200,,deepseek-flash,0.000129468,0.000258936
deepseek_seed2_115_motor,deepseek,False,motor,0.7871210859157145,0.30576910986565053,0.7870221419725567,0.4812530321069062,9614,537,2460,26,256,200,,deepseek-flash,0.00034696799999999996,0.0006939359999999999
deepseek_seed2_116_intent,deepseek,False,intent,1.186589061981067,0.3010486140847206,1.186495393048972,0.8854467789642513,4284,484,1086,7,0,200,,deepseek-flash,0.0001671,0.0003342
deepseek_seed2_116_motor,deepseek,False,motor,0.7640135320834816,0.31772013707086444,0.7639293950051069,0.4462092579342425,9615,537,2460,26,256,200,,deepseek-flash,0.00034696799999999996,0.0006939359999999999
deepseek_seed2_117_intent,deepseek,False,intent,0.8515155520290136,0.5795695108827204,0.8514554409775883,0.27188593009486794,4284,487,1086,7,256,200,,deepseek-flash,0.000129468,0.000258936
deepseek_seed2_117_motor,deepseek,False,motor,0.9154182709753513,0.30845763394609094,0.9153392740990967,0.6068816401530057,9615,537,2460,26,256,200,,deepseek-flash,0.00034696799999999996,0.0006939359999999999
deepseek_seed2_118_intent,deepseek,False,intent,0.8358576900791377,0.36029420606791973,0.8358010000083596,0.4755067939404398,4284,487,1086,7,256,200,,deepseek-flash,0.000129468,0.000258936
deepseek_seed2_118_motor,deepseek,False,motor,0.7523029970470816,0.3408968939911574,0.7522408841177821,0.4113439901266247,9615,530,2460,19,256,200,,deepseek-flash,0.0003427679999999999,0.0006855359999999998
deepseek_seed2_119_intent,deepseek,False,intent,0.7045794709119946,0.3038608250208199,0.7045217240229249,0.400660899002105,4284,487,1086,7,256,200,,deepseek-flash,0.000129468,0.000258936
deepseek_seed2_119_motor,deepseek,False,motor,0.7231260749977082,0.30516988411545753,0.7230302891694009,0.4178604050539434,9615,537,2460,26,256,200,,deepseek-flash,0.00034696799999999996,0.0006939359999999999
deepseek_seed2_120_intent,deepseek,False,intent,0.7363120110239834,0.31915172399021685,0.7362540101166815,0.4171022861264646,4283,487,1086,7,256,200,,deepseek-flash,0.000129468,0.000258936
deepseek_seed2_120_motor,deepseek,False,motor,1.1926928588654846,0.3084546159952879,1.1925997328944504,0.8841451168991625,9614,537,2460,26,256,200,,deepseek-flash,0.00034696799999999996,0.0006939359999999999
deepseek_seed2_121_intent,deepseek,False,intent,0.7557350171264261,0.2992323371581733,0.7556761330924928,0.4564437959343195,4284,487,1086,7,256,200,,deepseek-flash,0.000129468,0.000258936
deepseek_seed2_121_motor,deepseek,False,motor,0.7870379828382283,0.3177862288430333,0.7869306108914316,0.46914438204839826,9615,537,2460,26,256,200,,deepseek-flash,0.00034696799999999996,0.0006939359999999999
deepseek_seed2_122_intent,deepseek,False,intent,0.8987453940790147,0.32039961009286344,0.8986872390378267,0.5782876289449632,4284,487,1086,7,256,200,,deepseek-flash,0.000129468,0.000258936
deepseek_seed2_122_motor,deepseek,False,motor,0.7878868160769343,0.3220135369338095,0.7878244649618864,0.4658109280280769,9615,537,2460,26,256,200,,deepseek-flash,0.00034696799999999996,0.0006939359999999999
deepseek_seed2_123_intent,deepseek,False,intent,0.7917872869875282,0.3033814870286733,0.7917307950556278,0.48834930802695453,4284,487,1086,7,256,200,,deepseek-flash,0.000129468,0.000258936
deepseek_seed2_123_motor,deepseek,False,motor,1.0387465909589082,0.3310656968969852,1.0386483198963106,0.7075826229993254,9615,537,2460,26,256,200,,deepseek-flash,0.00034696799999999996,0.0006939359999999999
deepseek_seed2_124_intent,deepseek,False,intent,0.9140667240135372,0.40062348498031497,0.913975303992629,0.5133518190123141,4284,487,1086,7,256,200,,deepseek-flash,0.000129468,0.000258936
deepseek_seed2_124_motor,deepseek,False,motor,1.6795596422161907,0.9226872760336846,1.6794741100165993,0.7567868339829147,9615,537,2460,26,256,200,,deepseek-flash,0.00034696799999999996,0.0006939359999999999
deepseek_seed2_125_intent,deepseek,False,intent,1.4854547968134284,0.9904973588418216,1.4853562728967518,0.4948589140549302,4283,487,1086,7,256,200,,deepseek-flash,0.000129468,0.000258936
deepseek_seed2_125_motor,deepseek,False,motor,1.09139988780953,0.3080564870033413,1.0913043757900596,0.7832478887867182,9614,537,2460,26,256,200,,deepseek-flash,0.00034696799999999996,0.0006939359999999999
deepseek_seed2_126_intent,deepseek,False,intent,0.8298079578671604,0.30873873201198876,0.82968431385234,0.5209455818403512,4284,487,1086,7,256,200,,deepseek-flash,0.000129468,0.000258936
deepseek_seed2_126_motor,deepseek,False,motor,0.8254243328701705,0.30447199987247586,0.8253738849889487,0.5209018851164728,9615,537,2460,26,256,200,,deepseek-flash,0.00034696799999999996,0.0006939359999999999
deepseek_seed2_127_intent,deepseek,False,intent,0.7551378309726715,0.31561352289281785,0.7550729007925838,0.43945937789976597,4284,487,1086,7,256,200,,deepseek-flash,0.000129468,0.000258936
deepseek_seed2_127_motor,deepseek,False,motor,0.9791974171530455,0.3305814580526203,0.9791488100308925,0.6485673519782722,9615,537,2460,26,256,200,,deepseek-flash,0.00034696799999999996,0.0006939359999999999
deepseek_seed2_128_intent,deepseek,False,intent,0.8603641791269183,0.304101049201563,0.8603150960989296,0.5562140468973666,4284,487,1086,7,256,200,,deepseek-flash,0.000129468,0.000258936
deepseek_seed2_128_motor,deepseek,False,motor,0.7075085588730872,0.29561789194121957,0.7074327969457954,0.41181490500457585,9615,537,2460,26,256,200,,deepseek-flash,0.00034696799999999996,0.0006939359999999999
deepseek_seed2_129_intent,deepseek,False,intent,0.8996362858451903,0.3159273569472134,0.899578396929428,0.5836510399822146,4284,487,1086,7,256,200,,deepseek-flash,0.000129468,0.000258936
deepseek_seed2_129_motor,deepseek,False,motor,0.7661843979731202,0.32650036807172,0.7661286450456828,0.4396282769739628,9615,537,2460,26,256,200,,deepseek-flash,0.00034696799999999996,0.0006939359999999999
deepseek_seed2_130_intent,deepseek,False,intent,0.7291741210501641,0.2932597699109465,0.7290932049509138,0.4358334350399673,4283,487,1086,7,256,200,,deepseek-flash,0.000129468,0.000258936
deepseek_seed2_130_motor,deepseek,False,motor,0.7239278829656541,0.31837283191271126,0.7238656550180167,0.40549282310530543,9614,537,2460,26,256,200,,deepseek-flash,0.00034696799999999996,0.0006939359999999999
deepseek_seed2_131_intent,deepseek,False,intent,0.7712578980717808,0.30614280910231173,0.7712109452113509,0.4650681361090392,4284,487,1086,7,256,200,,deepseek-flash,0.000129468,0.000258936
deepseek_seed2_131_motor,deepseek,False,motor,0.6801104799378663,0.3536720951087773,0.6800502301193774,0.3263781350106001,9615,537,2460,26,256,200,,deepseek-flash,0.00034696799999999996,0.0006939359999999999
deepseek_seed2_132_intent,deepseek,False,intent,0.7217393380124122,0.2997455671429634,0.7216760700102895,0.42193050286732614,4284,487,1086,7,256,200,,deepseek-flash,0.000129468,0.000258936
deepseek_seed2_132_motor,deepseek,False,motor,0.7778068238403648,0.31972563988529146,0.7777369858231395,0.4580113459378481,9615,537,2460,26,256,200,,deepseek-flash,0.00034696799999999996,0.0006939359999999999
deepseek_seed2_133_intent,deepseek,False,intent,0.8851951030083001,0.28564290096983314,0.8851455331314355,0.5995026321616024,4284,487,1086,7,256,200,,deepseek-flash,0.000129468,0.000258936
deepseek_seed2_133_motor,deepseek,False,motor,0.8140224448870867,0.31666867388412356,0.8139413429889828,0.49727266910485923,9615,537,2460,26,256,200,,deepseek-flash,0.00034696799999999996,0.0006939359999999999
deepseek_seed2_134_intent,deepseek,False,intent,1.012711662100628,0.33094660309143364,1.0126177400816232,0.6816711369901896,4284,487,1086,7,256,200,,deepseek-flash,0.000129468,0.000258936
deepseek_seed2_134_motor,deepseek,False,motor,0.7519078240729868,0.30614656303077936,0.7518126040231436,0.4456660409923643,9615,537,2460,26,256,200,,deepseek-flash,0.00034696799999999996,0.0006939359999999999
deepseek_seed2_135_intent,deepseek,False,intent,1.1298843449912965,0.3114581471309066,1.1298180921003222,0.8183599449694157,4283,487,1086,7,256,200,,deepseek-flash,0.000129468,0.000258936
deepseek_seed2_135_motor,deepseek,False,motor,0.8366238300222903,0.3060765201225877,0.8365531000308692,0.5304765799082816,9614,537,2460,26,256,200,,deepseek-flash,0.00034696799999999996,0.0006939359999999999
deepseek_seed2_136_intent,deepseek,False,intent,0.6054911778774112,0.30055250599980354,0.6054074240382761,0.30485491803847253,4284,487,1086,7,256,200,,deepseek-flash,0.000129468,0.000258936
deepseek_seed2_136_motor,deepseek,False,motor,0.7349616789724678,0.3137139498721808,0.7348826769739389,0.4211687271017581,9615,537,2460,26,256,200,,deepseek-flash,0.00034696799999999996,0.0006939359999999999
deepseek_seed2_137_intent,deepseek,False,intent,0.5741460360586643,0.29575758008286357,0.5740900330711156,0.27833245298825204,4284,487,1086,7,256,200,,deepseek-flash,0.000129468,0.000258936
deepseek_seed2_137_motor,deepseek,False,motor,1.2178295969497412,0.3037638219539076,1.217752672964707,0.9139888510107994,9615,537,2460,26,256,200,,deepseek-flash,0.00034696799999999996,0.0006939359999999999
deepseek_seed2_138_intent,deepseek,False,intent,0.7531219979282469,0.28753447998315096,0.7530652889981866,0.46553080901503563,4284,487,1086,7,256,200,,deepseek-flash,0.000129468,0.000258936
deepseek_seed2_138_motor,deepseek,False,motor,0.958622463978827,0.29509063088335097,0.9585629859939218,0.6634723551105708,9615,537,2460,26,256,200,,deepseek-flash,0.00034696799999999996,0.0006939359999999999
deepseek_seed2_139_intent,deepseek,False,intent,0.8246964660938829,0.3009227542206645,0.824639038182795,0.5237162839621305,4284,487,1086,7,256,200,,deepseek-flash,0.000129468,0.000258936
deepseek_seed2_139_motor,deepseek,False,motor,0.6183979290071875,0.31313398689962924,0.6183438929729164,0.30520990607328713,9615,537,2460,26,256,200,,deepseek-flash,0.00034696799999999996,0.0006939359999999999
deepseek_seed2_140_intent,deepseek,False,intent,1.120192589936778,0.3976784108672291,1.1201172899454832,0.7224388790782541,4283,487,1086,7,256,200,,deepseek-flash,0.000129468,0.000258936
deepseek_seed2_140_motor,deepseek,False,motor,0.845533788902685,0.31320810690522194,0.8454428219702095,0.5322347150649875,9614,537,2460,26,256,200,,deepseek-flash,0.00034696799999999996,0.0006939359999999999
deepseek_seed2_141_intent,deepseek,False,intent,0.9173918801825494,0.28844563104212284,0.9173153580632061,0.6288697270210832,4284,484,1086,7,0,200,,deepseek-flash,0.0001671,0.0003342
deepseek_seed2_141_motor,deepseek,False,motor,0.999911222839728,0.3472036640159786,0.9997487438376993,0.6525450798217207,9615,537,2460,26,256,200,,deepseek-flash,0.00034696799999999996,0.0006939359999999999
deepseek_seed2_142_intent,deepseek,False,intent,1.0752636010292917,0.2893747410271317,1.0751491039991379,0.7857743629720062,4284,487,1086,7,256,200,,deepseek-flash,0.000129468,0.000258936
deepseek_seed2_142_motor,deepseek,False,motor,0.706614603055641,0.3269416110124439,0.7065529439132661,0.37961133290082216,9615,537,2460,26,256,200,,deepseek-flash,0.00034696799999999996,0.0006939359999999999
deepseek_seed2_143_intent,deepseek,False,intent,0.6246273030992597,0.2951971290167421,0.6245680800639093,0.3293709510471672,4284,487,1086,7,256,200,,deepseek-flash,0.000129468,0.000258936
deepseek_seed2_143_motor,deepseek,False,motor,1.0015893280506134,0.3187171129975468,1.0014746310189366,0.6827575180213898,9615,537,2460,26,256,200,,deepseek-flash,0.00034696799999999996,0.0006939359999999999
deepseek_seed2_144_intent,deepseek,False,intent,0.6874653971754014,0.29970674915239215,0.6874021349940449,0.38769538584165275,4284,487,1086,7,256,200,,deepseek-flash,0.000129468,0.000258936
deepseek_seed2_144_motor,deepseek,False,motor,0.9207961678039283,0.30710589280351996,0.9207359268330038,0.6136300340294838,9615,537,2460,26,256,200,,deepseek-flash,0.00034696799999999996,0.0006939359999999999
deepseek_seed2_145_intent,deepseek,False,intent,0.7505634590052068,0.3358336929231882,0.75049884384498,0.4146651509217918,4283,487,1086,7,256,200,,deepseek-flash,0.000129468,0.000258936
deepseek_seed2_145_motor,deepseek,False,motor,0.7671809149906039,0.3260515769943595,0.7670930079184473,0.44104143092408776,9614,530,2460,19,256,200,,deepseek-flash,0.0003427679999999999,0.0006855359999999998
deepseek_seed2_146_intent,deepseek,False,intent,0.7826806448865682,0.2885340070351958,0.7825884558260441,0.49405444879084826,4284,487,1086,7,256,200,,deepseek-flash,0.000129468,0.000258936
deepseek_seed2_146_motor,deepseek,False,motor,0.6346210199408233,0.34708318090997636,0.6345657999627292,0.28748261905275285,9615,537,2460,26,256,200,,deepseek-flash,0.00034696799999999996,0.0006939359999999999
deepseek_seed2_147_intent,deepseek,False,intent,0.9796522469259799,0.3108691768720746,0.9795656178612262,0.6686964409891516,4284,487,1086,7,256,200,,deepseek-flash,0.000129468,0.000258936
deepseek_seed2_147_motor,deepseek,False,motor,1.1124846588354558,0.3115841478575021,1.1123736549634486,0.8007895071059465,9615,537,2460,26,256,200,,deepseek-flash,0.00034696799999999996,0.0006939359999999999
deepseek_seed2_148_intent,deepseek,False,intent,0.9649858539924026,0.31877120514400303,0.964927924098447,0.6461567189544439,4284,487,1086,7,256,200,,deepseek-flash,0.000129468,0.000258936
deepseek_seed2_148_motor,deepseek,False,motor,0.8886761120520532,0.31798784900456667,0.8885912979021668,0.5706034488976002,9615,537,2460,26,256,200,,deepseek-flash,0.00034696799999999996,0.0006939359999999999
deepseek_seed2_149_intent,deepseek,False,intent,0.7976144519634545,0.3264550850726664,0.7975553399883211,0.47110025491565466,4284,487,1086,7,256,200,,deepseek-flash,0.000129468,0.000258936
deepseek_seed2_149_motor,deepseek,False,motor,0.862498652888462,0.34922022093087435,0.8623701510950923,0.513149930164218,9615,537,2460,26,256,200,,deepseek-flash,0.00034696799999999996,0.0006939359999999999
deepseek_seed2_150_intent,deepseek,False,intent,0.829959912924096,0.30532145081087947,0.8299000428523868,0.5245785920415074,4283,487,1086,7,256,200,,deepseek-flash,0.000129468,0.000258936
deepseek_seed2_150_motor,deepseek,False,motor,0.6569002228789032,0.3069865528959781,0.6568464050069451,0.34985985211096704,9614,537,2460,26,256,200,,deepseek-flash,0.00034696799999999996,0.0006939359999999999
deepseek_seed2_151_intent,deepseek,False,intent,0.9771282218862325,0.36261531990021467,0.9770613149739802,0.6144459950737655,4284,487,1086,7,256,200,,deepseek-flash,0.000129468,0.000258936
deepseek_seed2_151_motor,deepseek,False,motor,1.0505722330417484,0.3528625590261072,1.0504791149869561,0.6976165559608489,9615,530,2460,19,256,200,,deepseek-flash,0.0003427679999999999,0.0006855359999999998
deepseek_seed2_152_intent,deepseek,False,intent,1.1379869868978858,0.2991228448227048,1.1378778908401728,0.838755046017468,4284,487,1086,7,256,200,,deepseek-flash,0.000129468,0.000258936
deepseek_seed2_152_motor,deepseek,False,motor,0.5594774740748107,0.31354679609648883,0.5594146379735321,0.24586784187704325,9615,537,2460,26,256,200,,deepseek-flash,0.00034696799999999996,0.0006939359999999999
deepseek_seed2_153_intent,deepseek,False,intent,0.5682393410243094,0.2894387061242014,0.568184019997716,0.27874531387351453,4284,487,1086,7,256,200,,deepseek-flash,0.000129468,0.000258936
deepseek_seed2_153_motor,deepseek,False,motor,1.2358097198884934,0.3215530179440975,1.235746206017211,0.9141931880731136,9615,530,2460,19,256,200,,deepseek-flash,0.0003427679999999999,0.0006855359999999998
deepseek_seed2_154_intent,deepseek,False,intent,0.9365004980936646,0.3021893799304962,0.9364430441055447,0.6342536641750485,4284,487,1086,7,256,200,,deepseek-flash,0.000129468,0.000258936
deepseek_seed2_154_motor,deepseek,False,motor,0.848768186988309,0.30475042504258454,0.8486412230413407,0.5438907979987562,9615,537,2460,26,256,200,,deepseek-flash,0.00034696799999999996,0.0006939359999999999
deepseek_seed2_155_intent,deepseek,False,intent,1.3388007609173656,0.37235825695097446,1.338750212918967,0.9663919559679925,4283,487,1086,7,256,200,,deepseek-flash,0.000129468,0.000258936
deepseek_seed2_155_motor,deepseek,False,motor,0.9525259700603783,0.32137087010778487,0.952476826030761,0.6311059559229761,9614,537,2460,26,256,200,,deepseek-flash,0.00034696799999999996,0.0006939359999999999
deepseek_seed2_156_intent,deepseek,False,intent,0.7066793779376894,0.29525246703997254,0.7065833299420774,0.41133086290210485,4284,487,1086,7,256,200,,deepseek-flash,0.000129468,0.000258936
deepseek_seed2_156_motor,deepseek,False,motor,0.8840250221546739,0.33297168905846775,0.8839545389637351,0.5509828499052674,9615,537,2460,26,256,200,,deepseek-flash,0.00034696799999999996,0.0006939359999999999
deepseek_seed2_157_intent,deepseek,False,intent,0.6972417309880257,0.2979616990778595,0.6971833850257099,0.39922168594785035,4284,487,1086,7,256,200,,deepseek-flash,0.000129468,0.000258936
deepseek_seed2_157_motor,deepseek,False,motor,0.7300841920077801,0.31344516994431615,0.7300209540408105,0.4165757840964943,9615,537,2460,26,256,200,,deepseek-flash,0.00034696799999999996,0.0006939359999999999
deepseek_seed2_158_intent,deepseek,False,intent,1.0782570319715887,0.3277763689402491,1.0782121899537742,0.7504358210135251,4284,487,1086,7,256,200,,deepseek-flash,0.000129468,0.000258936
deepseek_seed2_158_motor,deepseek,False,motor,0.9602318401448429,0.5998094570823014,0.9601406811270863,0.3603312240447849,9615,537,2460,26,256,200,,deepseek-flash,0.00034696799999999996,0.0006939359999999999
deepseek_seed2_159_intent,deepseek,False,intent,0.9250483131036162,0.2938487040810287,0.9249967229552567,0.631148018874228,4284,487,1086,7,256,200,,deepseek-flash,0.000129468,0.000258936
deepseek_seed2_159_motor,deepseek,False,motor,1.0480631720274687,0.6223581309895962,1.0479567770380527,0.42559864604845643,9615,537,2460,26,256,200,,deepseek-flash,0.00034696799999999996,0.0006939359999999999
jev_seed0_000_intent,jev,False,intent,0.755058340029791,0.7549454930704087,0.7550086930859834,6.320001557469368e-05,3708,269,1355,78,,200,,jev-1.13.0,5.691e-05,5.691e-05
jev_seed0_000_motor,jev,False,motor,0.3456585828680545,0.34552039997652173,0.34557628398761153,5.588401108980179e-05,8943,560,2634,144,,200,,jev-1.13.0,0.000110628,0.000110628
jev_seed0_001_intent,jev,False,intent,0.3209617289248854,0.3208584329113364,0.320908929919824,5.049700848758221e-05,3725,270,1362,78,,200,,jev-1.13.0,5.7204e-05,5.7204e-05
jev_seed0_001_motor,jev,False,motor,0.3555078939534724,0.3553834359627217,0.3554333180654794,4.988210275769234e-05,8960,561,2641,144,,200,,jev-1.13.0,0.000110922,0.000110922
jev_seed0_002_intent,jev,False,intent,0.32853255001828074,0.3283683438785374,0.32845174707472324,8.340319618582726e-05,3724,272,1361,78,,200,,jev-1.13.0,5.7162000000000006e-05,5.7162000000000006e-05
jev_seed0_002_motor,jev,False,motor,0.48111665807664394,0.4809323491062969,0.48100812709890306,7.577799260616302e-05,8958,561,2639,144,,200,,jev-1.13.0,0.00011083800000000001,0.00011083800000000001
jev_seed0_003_intent,jev,False,intent,0.8118175049312413,0.811717591015622,0.8117659189738333,4.832795821130276e-05,3722,272,1359,78,,200,,jev-1.13.0,5.7078000000000005e-05,5.7078000000000005e-05
jev_seed0_003_motor,jev,False,motor,0.34268991998396814,0.3425583310890943,0.342611201107502,5.2870018407702446e-05,8955,560,2636,144,,200,,jev-1.13.0,0.000110712,0.000110712
jev_seed0_004_intent,jev,False,intent,0.7600371849257499,0.7598815399687737,0.7599593580234796,7.781805470585823e-05,3722,272,1359,78,,200,,jev-1.13.0,5.7078000000000005e-05,5.7078000000000005e-05
jev_seed0_004_motor,jev,False,motor,0.38486472493968904,0.3847423589322716,0.3847913290373981,4.897010512650013e-05,8955,554,2636,144,,200,,jev-1.13.0,0.000110712,0.000110712
jev_seed0_005_intent,jev,False,intent,0.44991218601353467,0.44982910505495965,0.4498703230638057,4.121800884604454e-05,3721,272,1358,78,,200,,jev-1.13.0,5.7036e-05,5.7036e-05
jev_seed0_005_motor,jev,False,motor,0.7553484260570258,0.7552391579374671,0.7552889781072736,4.982016980648041e-05,8954,561,2635,144,,200,,jev-1.13.0,0.00011067,0.00011067
jev_seed0_006_intent,jev,False,intent,0.8148421219084412,0.8147206350695342,0.8147812748793513,6.063980981707573e-05,3722,272,1359,78,,200,,jev-1.13.0,5.7078000000000005e-05,5.7078000000000005e-05
jev_seed0_006_motor,jev,False,motor,0.6960127828642726,0.6957085030153394,0.6958301870618016,0.00012168404646217823,8955,561,2636,144,,200,,jev-1.13.0,0.000110712,0.000110712
jev_seed0_007_intent,jev,False,intent,0.38516801898367703,0.38502338086254895,0.38509721984155476,7.38389790058136e-05,3718,272,1355,78,,200,,jev-1.13.0,5.691e-05,5.691e-05
jev_seed0_007_motor,jev,False,motor,0.570669115986675,0.5705127748660743,0.570584577973932,7.180310785770416e-05,8949,554,2631,144,,200,,jev-1.13.0,0.00011050200000000001,0.00011050200000000001
jev_seed0_008_intent,jev,False,intent,0.3858740271534771,0.3857667869888246,0.38581933407112956,5.254708230495453e-05,3718,272,1355,78,,200,,jev-1.13.0,5.691e-05,5.691e-05
jev_seed0_008_motor,jev,False,motor,1.3899723200593144,1.3898063690867275,1.3898785510100424,7.218192331492901e-05,8949,556,2631,144,,200,,jev-1.13.0,0.00011050200000000001,0.00011050200000000001
jev_seed0_009_intent,jev,False,intent,0.5490455341059715,0.5489447831641883,0.5489934929646552,4.8709800466895103e-05,3718,272,1355,78,,200,,jev-1.13.0,5.691e-05,5.691e-05
jev_seed0_009_motor,jev,False,motor,0.49206347903236747,0.4919401949737221,0.49198814714327455,4.795216955244541e-05,8949,556,2631,144,,200,,jev-1.13.0,0.00011050200000000001,0.00011050200000000001
jev_seed0_010_intent,jev,False,intent,0.7907433249056339,0.7906348649412394,0.7906885119155049,5.364697426557541e-05,3717,272,1354,78,,200,,jev-1.13.0,5.6868000000000005e-05,5.6868000000000005e-05
jev_seed0_010_motor,jev,False,motor,1.0124701720196754,1.012272238964215,1.0123592629097402,8.702394552528858e-05,8948,555,2630,144,,200,,jev-1.13.0,0.00011046000000000001,0.00011046000000000001
jev_seed0_011_intent,jev,False,intent,0.37958754203282297,0.3794868178665638,0.37953565595671535,4.8838090151548386e-05,3718,272,1355,78,,200,,jev-1.13.0,5.691e-05,5.691e-05
jev_seed0_011_motor,jev,False,motor,0.5232621729373932,0.5231395929586142,0.5231882848311216,4.8691872507333755e-05,8949,557,2631,144,,200,,jev-1.13.0,0.00011050200000000001,0.00011050200000000001
jev_seed0_012_intent,jev,False,intent,0.39942959998734295,0.39926782506518066,0.39934938005171716,8.155498653650284e-05,3718,272,1355,78,,200,,jev-1.13.0,5.691e-05,5.691e-05
jev_seed0_012_motor,jev,False,motor,1.0011515871156007,1.0009554179850966,1.0010390230454504,8.360506035387516e-05,8949,561,2631,144,,200,,jev-1.13.0,0.00011050200000000001,0.00011050200000000001
jev_seed0_013_intent,jev,False,intent,0.3933524389285594,0.39312874991446733,0.39324299595318735,0.00011424603872001171,3718,272,1355,78,,200,,jev-1.13.0,5.691e-05,5.691e-05
jev_seed0_013_motor,jev,False,motor,0.5389117898885161,0.53868632693775,0.5387831479310989,9.682099334895611e-05,8949,557,2631,144,,200,,jev-1.13.0,0.00011050200000000001,0.00011050200000000001
jev_seed0_014_intent,jev,False,intent,0.33778655901551247,0.3376847510226071,0.33773517911322415,5.042809061706066e-05,3719,272,1355,78,,200,,jev-1.13.0,5.691e-05,5.691e-05
jev_seed0_014_motor,jev,False,motor,0.45613336004316807,0.45602051401510835,0.45606964314356446,4.912912845611572e-05,8950,554,2631,144,,200,,jev-1.13.0,0.00011050200000000001,0.00011050200000000001
jev_seed0_015_intent,jev,False,intent,0.3637489299289882,0.36362949199974537,0.36368935694918036,5.986494943499565e-05,3720,273,1356,78,,200,,jev-1.13.0,5.6952000000000006e-05,5.6952000000000006e-05
jev_seed0_015_motor,jev,False,motor,0.4774644139688462,0.47734005586244166,0.47739501600153744,5.4960139095783234e-05,8952,555,2632,144,,200,,jev-1.13.0,0.00011054400000000002,0.00011054400000000002
jev_seed0_016_intent,jev,False,intent,0.34912244300358,0.3490234019700438,0.3490714638028294,4.8061832785606384e-05,3718,272,1354,78,,200,,jev-1.13.0,5.6868000000000005e-05,5.6868000000000005e-05
jev_seed0_016_motor,jev,False,motor,0.415326596936211,0.41518972790800035,0.4152487451210618,5.901721306145191e-05,8948,556,2629,144,,200,,jev-1.13.0,0.00011041800000000001,0.00011041800000000001
jev_seed0_017_intent,jev,False,intent,0.3160323640331626,0.31591757806017995,0.3159772821236402,5.970406346023083e-05,3716,272,1352,78,,200,,jev-1.13.0,5.6784000000000004e-05,5.6784000000000004e-05
jev_seed0_017_motor,jev,False,motor,0.42698487895540893,0.4268203058745712,0.4268905068747699,7.020100019872189e-05,8945,556,2626,144,,200,,jev-1.13.0,0.00011029200000000001,0.00011029200000000001
jev_seed0_018_intent,jev,False,intent,0.5255672049243003,0.5254269340075552,0.5254982060287148,7.127202115952969e-05,3716,273,1352,78,,200,,jev-1.13.0,5.6784000000000004e-05,5.6784000000000004e-05
jev_seed0_018_motor,jev,False,motor,0.4742691828869283,0.4741450760047883,0.47419435787014663,4.928186535835266e-05,8945,555,2626,144,,200,,jev-1.13.0,0.00011029200000000001,0.00011029200000000001
jev_seed0_019_intent,jev,False,intent,0.35746030998416245,0.35734898201189935,0.3574100180994719,6.103608757257462e-05,3715,273,1351,78,,200,,jev-1.13.0,5.674200000000001e-05,5.674200000000001e-05
jev_seed0_019_motor,jev,False,motor,0.520276895025745,0.5201385240070522,0.5201987600885332,6.023608148097992e-05,8943,561,2624,144,,200,,jev-1.13.0,0.00011020800000000001,0.00011020800000000001
jev_seed0_020_intent,jev,False,intent,0.35715808696113527,0.3569964370690286,0.35707710101269186,8.066394366323948e-05,3714,273,1350,78,,200,,jev-1.13.0,5.67e-05,5.67e-05
jev_seed0_020_motor,jev,False,motor,0.4244182459078729,0.42428412404842675,0.42434325185604393,5.91278076171875e-05,8942,554,2623,144,,200,,jev-1.13.0,0.00011016600000000002,0.00011016600000000002
jev_seed0_021_intent,jev,False,intent,0.3356063668616116,0.33547945180907845,0.33554294100031257,6.348919123411179e-05,3715,273,1351,78,,200,,jev-1.13.0,5.674200000000001e-05,5.674200000000001e-05
jev_seed0_021_motor,jev,False,motor,0.44347450393252075,0.44335065595805645,0.4433997499290854,4.909397102892399e-05,8943,556,2624,144,,200,,jev-1.13.0,0.00011020800000000001,0.00011020800000000001
jev_seed0_022_intent,jev,False,intent,0.35736231319606304,0.35700790910050273,0.35713893617503345,0.0001310270745307207,3715,273,1351,78,,200,,jev-1.13.0,5.674200000000001e-05,5.674200000000001e-05
jev_seed0_022_motor,jev,False,motor,0.47395413904450834,0.4736720940563828,0.47378562297672033,0.00011352892033755779,8943,556,2624,144,,200,,jev-1.13.0,0.00011020800000000001,0.00011020800000000001
jev_seed0_023_intent,jev,False,intent,0.3365895838942379,0.3364530398976058,0.33652565884403884,7.261894643306732e-05,3712,273,1349,78,,200,,jev-1.13.0,5.6658e-05,5.6658e-05
jev_seed0_023_motor,jev,False,motor,0.994557541096583,0.994445851072669,0.9944999301806092,5.407910794019699e-05,8938,559,2621,144,,200,,jev-1.13.0,0.00011008200000000001,0.00011008200000000001
jev_seed0_024_intent,jev,False,intent,1.1278015640564263,1.1275902059860528,1.1276949981693178,0.00010479218326508999,3713,273,1349,78,,200,,jev-1.13.0,5.6658e-05,5.6658e-05
jev_seed0_024_motor,jev,False,motor,1.3082475431729108,1.3081227850634605,1.3081715621519834,4.877708852291107e-05,8939,554,2621,144,,200,,jev-1.13.0,0.00011008200000000001,0.00011008200000000001
jev_seed0_025_intent,jev,False,intent,0.8649449190124869,0.8648436409421265,0.864892598008737,4.895706661045551e-05,3710,272,1346,78,,200,,jev-1.13.0,5.653200000000001e-05,5.653200000000001e-05
jev_seed0_025_motor,jev,False,motor,0.6134848839137703,0.6132489589508623,0.613350230967626,0.00010127201676368713,8935,556,2617,144,,200,,jev-1.13.0,0.000109914,0.000109914
jev_seed0_026_intent,jev,False,intent,0.358717855066061,0.35862594889476895,0.3586726749781519,4.6726083382964134e-05,3711,273,1347,78,,200,,jev-1.13.0,5.6574000000000004e-05,5.6574000000000004e-05
jev_seed0_026_motor,jev,False,motor,0.9677365710958838,0.9676071351859719,0.9676591961178929,5.206093192100525e-05,8936,574,2618,144,,200,,jev-1.13.0,0.000109956,0.000109956
jev_seed0_027_intent,jev,False,intent,0.34007159690372646,0.339908794965595,0.33999001886695623,8.122390136122704e-05,3711,273,1347,78,,200,,jev-1.13.0,5.6574000000000004e-05,5.6574000000000004e-05
jev_seed0_027_motor,jev,False,motor,0.5062030050903559,0.5060125780291855,0.5060947700403631,8.219201117753983e-05,8936,557,2618,144,,200,,jev-1.13.0,0.000109956,0.000109956
jev_seed0_028_intent,jev,False,intent,0.4613030171021819,0.4611246329732239,0.46121556707657874,9.093410335481167e-05,3712,273,1348,78,,200,,jev-1.13.0,5.661600000000001e-05,5.661600000000001e-05
jev_seed0_028_motor,jev,False,motor,0.5628245768602937,0.5627044520806521,0.5627584110479802,5.3958967328071594e-05,8938,554,2620,144,,200,,jev-1.13.0,0.00011004000000000001,0.00011004000000000001
jev_seed0_029_intent,jev,False,intent,0.4746618128847331,0.4745621948968619,0.47461036895401776,4.817405715584755e-05,3712,273,1348,78,,200,,jev-1.13.0,5.661600000000001e-05,5.661600000000001e-05
jev_seed0_029_motor,jev,False,motor,0.4682297590188682,0.4680934271309525,0.4681537051219493,6.0277990996837616e-05,8938,561,2620,144,,200,,jev-1.13.0,0.00011004000000000001,0.00011004000000000001
jev_seed0_030_intent,jev,False,intent,0.7907583459746093,0.7906029548030347,0.7906829388812184,7.998407818377018e-05,3710,270,1347,77,,200,,jev-1.13.0,5.6574000000000004e-05,5.6574000000000004e-05
jev_seed0_030_motor,jev,False,motor,0.5584561529103667,0.5582186609972268,0.5583215958904475,0.00010293489322066307,8924,554,2615,144,,200,,jev-1.13.0,0.00010983000000000001,0.00010983000000000001
jev_seed0_031_intent,jev,False,intent,0.36104871914722025,0.3609177169855684,0.36098425812087953,6.654113531112671e-05,3727,266,1357,77,,200,,jev-1.13.0,5.6994000000000004e-05,5.6994000000000004e-05
jev_seed0_031_motor,jev,False,motor,0.5086806220933795,0.5084273889660835,0.5085380410309881,0.00011065206490457058,8942,554,2625,144,,200,,jev-1.13.0,0.00011025,0.00011025
jev_seed0_032_intent,jev,False,intent,0.32970786304213107,0.3295597799587995,0.3296350429300219,7.526297122240067e-05,3725,265,1356,76,,200,,jev-1.13.0,5.6952000000000006e-05,5.6952000000000006e-05
jev_seed0_032_motor,jev,False,motor,0.4331499710679054,0.43296123505569994,0.43304149713367224,8.02620779722929e-05,8935,553,2623,144,,200,,jev-1.13.0,0.00011016600000000002,0.00011016600000000002
jev_seed0_033_intent,jev,False,intent,0.33907610992901027,0.3389753820374608,0.3390237579587847,4.8375921323895454e-05,3722,269,1354,76,,200,,jev-1.13.0,5.6868000000000005e-05,5.6868000000000005e-05
jev_seed0_033_motor,jev,False,motor,0.509049782063812,0.5088474319782108,0.5089323939755559,8.496199734508991e-05,8931,547,2620,144,,200,,jev-1.13.0,0.00011004000000000001,0.00011004000000000001
jev_seed0_034_intent,jev,False,intent,0.3317835971247405,0.33167349407449365,0.3317306749522686,5.718087777495384e-05,3722,268,1354,76,,200,,jev-1.13.0,5.6868000000000005e-05,5.6868000000000005e-05
jev_seed0_034_motor,jev,False,motor,0.45313026988878846,0.4529873940628022,0.45304951001890004,6.211595609784126e-05,8931,553,2620,144,,200,,jev-1.13.0,0.00011004000000000001,0.00011004000000000001
jev_seed0_035_intent,jev,False,intent,0.5056625639554113,0.5054924548603594,0.5055773518979549,8.489703759551048e-05,3724,266,1355,76,,200,,jev-1.13.0,5.691e-05,5.691e-05
jev_seed0_035_motor,jev,False,motor,0.4879945060238242,0.48787156702019274,0.4879258980508894,5.433103069663048e-05,8935,552,2622,144,,200,,jev-1.13.0,0.000110124,0.000110124
jev_seed0_036_intent,jev,False,intent,0.3627909719944,0.3627127269282937,0.3627530650701374,4.033814184367657e-05,3725,265,1356,76,,200,,jev-1.13.0,5.6952000000000006e-05,5.6952000000000006e-05
jev_seed0_036_motor,jev,False,motor,0.5277752699330449,0.5276306290179491,0.5276934311259538,6.280210800468922e-05,8936,551,2623,144,,200,,jev-1.13.0,0.00011016600000000002,0.00011016600000000002
jev_seed0_037_intent,jev,False,intent,0.34793119598180056,0.347828125115484,0.34788109990768135,5.297479219734669e-05,3725,265,1356,76,,200,,jev-1.13.0,5.6952000000000006e-05,5.6952000000000006e-05
jev_seed0_037_motor,jev,False,motor,0.4754689671099186,0.4752588761039078,0.47534908005036414,9.020394645631313e-05,8936,553,2623,144,,200,,jev-1.13.0,0.00011016600000000002,0.00011016600000000002
jev_seed0_038_intent,jev,False,intent,0.3385384439025074,0.33843999495729804,0.33849091990850866,5.092495121061802e-05,3725,265,1356,76,,200,,jev-1.13.0,5.6952000000000006e-05,5.6952000000000006e-05
jev_seed0_038_motor,jev,False,motor,0.43230691691860557,0.4321595160290599,0.43222789000719786,6.837397813796997e-05,8936,551,2623,144,,200,,jev-1.13.0,0.00011016600000000002,0.00011016600000000002
jev_seed0_039_intent,jev,False,intent,0.34187671006657183,0.34172375802882016,0.3418019509408623,7.819291204214096e-05,3728,265,1359,76,,200,,jev-1.13.0,5.7078000000000005e-05,5.7078000000000005e-05
jev_seed0_039_motor,jev,False,motor,0.6992160889785737,0.6990714119747281,0.699136977083981,6.556510925292969e-05,8941,553,2628,144,,200,,jev-1.13.0,0.000110376,0.000110376
jev_seed0_040_intent,jev,False,intent,0.4985459940508008,0.49844519211910665,0.4984965829644352,5.139084532856941e-05,3727,265,1358,76,,200,,jev-1.13.0,5.7036e-05,5.7036e-05
jev_seed0_040_motor,jev,False,motor,0.4988199919462204,0.4986924990080297,0.4987438509706408,5.1351962611079216e-05,8940,555,2627,144,,200,,jev-1.13.0,0.000110334,0.000110334
jev_seed0_041_intent,jev,False,intent,0.6031217260751873,0.6030100302305073,0.6030587952118367,4.876498132944107e-05,3729,265,1360,76,,200,,jev-1.13.0,5.712e-05,5.712e-05
jev_seed0_041_motor,jev,False,motor,0.703773143934086,0.703646823996678,0.7036969230975956,5.0099100917577744e-05,8942,550,2629,144,,200,,jev-1.13.0,0.00011041800000000001,0.00011041800000000001
jev_seed0_042_intent,jev,False,intent,0.3642047850880772,0.36410125717520714,0.36415055906400084,4.9301888793706894e-05,3730,268,1361,76,,200,,jev-1.13.0,5.7162000000000006e-05,5.7162000000000006e-05
jev_seed0_042_motor,jev,False,motor,0.5186990711372346,0.5185721931047738,0.5186231511179358,5.095801316201687e-05,8944,554,2631,144,,200,,jev-1.13.0,0.00011050200000000001,0.00011050200000000001
jev_seed0_043_intent,jev,False,intent,0.3378959021065384,0.3377875559963286,0.3378453759942204,5.7819997891783714e-05,3730,268,1361,76,,200,,jev-1.13.0,5.7162000000000006e-05,5.7162000000000006e-05
jev_seed0_043_motor,jev,False,motor,0.4559200389776379,0.4557932789903134,0.455850203987211,5.692499689757824e-05,8944,554,2631,144,,200,,jev-1.13.0,0.00011050200000000001,0.00011050200000000001
jev_seed0_044_intent,jev,False,intent,0.34431820013560355,0.34417566610500216,0.344243107130751,6.744102574884892e-05,3730,268,1361,76,,200,,jev-1.13.0,5.7162000000000006e-05,5.7162000000000006e-05
jev_seed0_044_motor,jev,False,motor,0.5898620779626071,0.5897630040999502,0.5898068719543517,4.386785440146923e-05,8944,555,2631,144,,200,,jev-1.13.0,0.00011050200000000001,0.00011050200000000001
jev_seed0_045_intent,jev,False,intent,0.3645009030587971,0.3643555829767138,0.364430506946519,7.492396980524063e-05,3729,268,1360,76,,200,,jev-1.13.0,5.712e-05,5.712e-05
jev_seed0_045_motor,jev,False,motor,0.6391453498508781,0.6388789999764413,0.6389935009647161,0.0001145009882748127,8943,554,2630,144,,200,,jev-1.13.0,0.00011046000000000001,0.00011046000000000001
jev_seed0_046_intent,jev,False,intent,0.3496757170651108,0.349592732032761,0.34963496401906013,4.223198629915714e-05,3730,268,1361,76,,200,,jev-1.13.0,5.7162000000000006e-05,5.7162000000000006e-05
jev_seed0_046_motor,jev,False,motor,0.576330475974828,0.5762074829544872,0.5762561138253659,4.863087087869644e-05,8944,554,2631,144,,200,,jev-1.13.0,0.00011050200000000001,0.00011050200000000001
jev_seed0_047_intent,jev,False,intent,0.8620961639098823,0.8619641668628901,0.8620262879412621,6.212107837200165e-05,3730,268,1361,76,,200,,jev-1.13.0,5.7162000000000006e-05,5.7162000000000006e-05
jev_seed0_047_motor,jev,False,motor,0.44510793313384056,0.44497729907743633,0.4450352839194238,5.7984841987490654e-05,8944,555,2631,144,,200,,jev-1.13.0,0.00011050200000000001,0.00011050200000000001
jev_seed0_048_intent,jev,False,intent,0.36824583215638995,0.36802696506492794,0.36813725996762514,0.00011029490269720554,3730,268,1361,76,,200,,jev-1.13.0,5.7162000000000006e-05,5.7162000000000006e-05
jev_seed0_048_motor,jev,False,motor,0.5098142791539431,0.5095897801220417,0.5096853789873421,9.559886530041695e-05,8944,554,2631,144,,200,,jev-1.13.0,0.00011050200000000001,0.00011050200000000001
jev_seed0_049_intent,jev,False,intent,0.47982301097363234,0.47964052902534604,0.47973261307924986,9.208405390381813e-05,3730,268,1361,76,,200,,jev-1.13.0,5.7162000000000006e-05,5.7162000000000006e-05
jev_seed0_049_motor,jev,False,motor,0.5015918021090329,0.5013752311933786,0.5014674451667815,9.221397340297699e-05,8944,553,2631,144,,200,,jev-1.13.0,0.00011050200000000001,0.00011050200000000001
jev_seed0_050_intent,jev,False,intent,0.3415804049000144,0.34140095789916813,0.3414919460192323,9.098812006413937e-05,3729,268,1360,76,,200,,jev-1.13.0,5.712e-05,5.712e-05
jev_seed0_050_motor,jev,False,motor,0.4795243239495903,0.47942701494321227,0.47947034891694784,4.333397373557091e-05,8943,554,2630,144,,200,,jev-1.13.0,0.00011046000000000001,0.00011046000000000001
jev_seed0_051_intent,jev,False,intent,0.3346181740052998,0.3345217329915613,0.33457010611891747,4.837312735617161e-05,3730,268,1361,76,,200,,jev-1.13.0,5.7162000000000006e-05,5.7162000000000006e-05
jev_seed0_051_motor,jev,False,motor,1.0491569030564278,1.0490470200311393,1.0490972918923944,5.0271861255168915e-05,8944,553,2631,144,,200,,jev-1.13.0,0.00011050200000000001,0.00011050200000000001
jev_seed0_052_intent,jev,False,intent,0.6023984861094505,0.6022393340244889,0.6023180289193988,7.86948949098587e-05,3729,269,1361,76,,200,,jev-1.13.0,5.7162000000000006e-05,5.7162000000000006e-05
jev_seed0_052_motor,jev,False,motor,0.4089688800740987,0.4088481799699366,0.4088995009660721,5.132099613547325e-05,8947,560,2631,144,,200,,jev-1.13.0,0.00011050200000000001,0.00011050200000000001
jev_seed0_053_intent,jev,False,intent,0.369236099999398,0.3691366130951792,0.3691845568828285,4.794378764927387e-05,3730,269,1361,76,,200,,jev-1.13.0,5.7162000000000006e-05,5.7162000000000006e-05
jev_seed0_053_motor,jev,False,motor,1.085419295122847,1.0852907469961792,1.0853456151671708,5.4868170991539955e-05,8948,561,2631,144,,200,,jev-1.13.0,0.00011050200000000001,0.00011050200000000001
jev_seed0_054_intent,jev,False,intent,0.6399456260260195,0.6397998719476163,0.6398729260545224,7.30541069060564e-05,3727,269,1358,76,,200,,jev-1.13.0,5.7036e-05,5.7036e-05
jev_seed0_054_motor,jev,False,motor,0.49481436889618635,0.4946337949950248,0.49471154785715044,7.775286212563515e-05,8943,560,2626,144,,200,,jev-1.13.0,0.00011029200000000001,0.00011029200000000001
jev_seed0_055_intent,jev,False,intent,0.38819283805787563,0.38804662600159645,0.38811872503720224,7.209903560578823e-05,3726,270,1357,76,,200,,jev-1.13.0,5.6994000000000004e-05,5.6994000000000004e-05
jev_seed0_055_motor,jev,False,motor,0.7868127999827266,0.7866141658741981,0.7867028219625354,8.865608833730221e-05,8942,560,2625,144,,200,,jev-1.13.0,0.00011025,0.00011025
jev_seed0_056_intent,jev,False,intent,0.3751603520940989,0.37506066518835723,0.37510932912118733,4.866393283009529e-05,3727,269,1358,76,,200,,jev-1.13.0,5.7036e-05,5.7036e-05
jev_seed0_056_motor,jev,False,motor,0.7043731939047575,0.7042212579399347,0.7042883560061455,6.709806621074677e-05,8943,559,2626,144,,200,,jev-1.13.0,0.00011029200000000001,0.00011029200000000001
jev_seed0_057_intent,jev,False,intent,0.37872847518883646,0.3785889809951186,0.3786592110991478,7.023010402917862e-05,3727,269,1358,76,,200,,jev-1.13.0,5.7036e-05,5.7036e-05
jev_seed0_057_motor,jev,False,motor,0.4781733239069581,0.47802407178096473,0.4780888590030372,6.478722207248211e-05,8943,560,2626,144,,200,,jev-1.13.0,0.00011029200000000001,0.00011029200000000001
jev_seed0_058_intent,jev,False,intent,0.32735685212537646,0.3272482701577246,0.327303210971877,5.494081415235996e-05,3726,269,1357,76,,200,,jev-1.13.0,5.6994000000000004e-05,5.6994000000000004e-05
jev_seed0_058_motor,jev,False,motor,0.46582660591229796,0.46571368095465004,0.4657631670124829,4.9486057832837105e-05,8941,559,2624,144,,200,,jev-1.13.0,0.00011020800000000001,0.00011020800000000001
jev_seed0_059_intent,jev,False,intent,0.3531210459768772,0.3529927530325949,0.3530559870414436,6.323400884866714e-05,3726,269,1357,76,,200,,jev-1.13.0,5.6994000000000004e-05,5.6994000000000004e-05
jev_seed0_059_motor,jev,False,motor,0.4353203419595957,0.4351300881244242,0.4352128191385418,8.273101411759853e-05,8941,559,2624,144,,200,,jev-1.13.0,0.00011020800000000001,0.00011020800000000001
jev_seed0_060_intent,jev,False,intent,0.3382559488527477,0.3380607417784631,0.3381581117864698,9.737000800669193e-05,3726,282,1356,76,,200,,jev-1.13.0,5.6952000000000006e-05,5.6952000000000006e-05
jev_seed0_060_motor,jev,False,motor,0.6050795859191567,0.6049485518597066,0.6050061569549143,5.760509520769119e-05,8937,553,2623,144,,200,,jev-1.13.0,0.00011016600000000002,0.00011016600000000002
jev_seed0_061_intent,jev,False,intent,0.4732105389703065,0.473109879065305,0.47315857000648975,4.869094118475914e-05,3725,269,1357,76,,200,,jev-1.13.0,5.6994000000000004e-05,5.6994000000000004e-05
jev_seed0_061_motor,jev,False,motor,1.1715487400069833,1.1714552319608629,1.1714958271477371,4.059518687427044e-05,8940,560,2624,144,,200,,jev-1.13.0,0.00011020800000000001,0.00011020800000000001
jev_seed0_062_intent,jev,False,intent,0.34153251885436475,0.3413402938749641,0.3414363160263747,9.602215141057968e-05,3724,269,1355,76,,200,,jev-1.13.0,5.691e-05,5.691e-05
jev_seed0_062_motor,jev,False,motor,0.4782135889399797,0.47803555708378553,0.4781070831231773,7.152603939175606e-05,8937,559,2620,144,,200,,jev-1.13.0,0.00011004000000000001,0.00011004000000000001
jev_seed0_063_intent,jev,False,intent,0.3396793908905238,0.33953633508645,0.33960739406757057,7.10589811205864e-05,3721,283,1352,76,,200,,jev-1.13.0,5.6784000000000004e-05,5.6784000000000004e-05
jev_seed0_063_motor,jev,False,motor,0.5253864978440106,0.5251792639028281,0.5252652408089489,8.597690612077713e-05,8932,561,2617,144,,200,,jev-1.13.0,0.000109914,0.000109914
jev_seed0_064_intent,jev,False,intent,0.4809341859072447,0.4806944348383695,0.48081212490797043,0.00011769006960093975,3724,283,1355,76,,200,,jev-1.13.0,5.691e-05,5.691e-05
jev_seed0_064_motor,jev,False,motor,0.5710603590123355,0.5707107479684055,0.570854150922969,0.0001434029545634985,8937,560,2622,144,,200,,jev-1.13.0,0.000110124,0.000110124
jev_seed0_065_intent,jev,False,intent,0.3585587120614946,0.35841786093078554,0.35848611197434366,6.825104355812073e-05,3723,283,1354,76,,200,,jev-1.13.0,5.6868000000000005e-05,5.6868000000000005e-05
jev_seed0_065_motor,jev,False,motor,0.5018203579820693,0.5016403910703957,0.5017189129721373,7.852190174162388e-05,8936,559,2621,144,,200,,jev-1.13.0,0.00011008200000000001,0.00011008200000000001
jev_seed0_066_intent,jev,False,intent,0.4603489809669554,0.4602458169683814,0.46029370301403105,4.788604564964771e-05,3724,268,1355,76,,200,,jev-1.13.0,5.691e-05,5.691e-05
jev_seed0_066_motor,jev,False,motor,0.4511481518857181,0.4509659060277045,0.45104434294626117,7.843691855669022e-05,8937,556,2622,144,,200,,jev-1.13.0,0.000110124,0.000110124
jev_seed0_067_intent,jev,False,intent,0.3727120452094823,0.3725498940329999,0.37263018102385104,8.028699085116386e-05,3724,269,1355,76,,200,,jev-1.13.0,5.691e-05,5.691e-05
jev_seed0_067_motor,jev,False,motor,0.8897220599465072,0.8894766177982092,0.8895843049976975,0.0001076871994882822,8937,571,2622,144,,200,,jev-1.13.0,0.000110124,0.000110124
jev_seed0_068_intent,jev,False,intent,0.5316041251644492,0.531428026035428,0.5315158851444721,8.785910904407501e-05,3723,269,1354,76,,200,,jev-1.13.0,5.6868000000000005e-05,5.6868000000000005e-05
jev_seed0_068_motor,jev,False,motor,0.8251380489673465,0.8250161439646035,0.8250707508996129,5.4606935009360313e-05,8935,555,2620,144,,200,,jev-1.13.0,0.00011004000000000001,0.00011004000000000001
jev_seed0_069_intent,jev,False,intent,0.43375756801106036,0.43362420494668186,0.4336907849647105,6.65800180286169e-05,3723,269,1354,76,,200,,jev-1.13.0,5.6868000000000005e-05,5.6868000000000005e-05
jev_seed0_069_motor,jev,False,motor,0.7077854808885604,0.7076535490341485,0.707711054943502,5.7505909353494644e-05,8935,555,2620,144,,200,,jev-1.13.0,0.00011004000000000001,0.00011004000000000001
jev_seed0_070_intent,jev,False,intent,0.6725500060711056,0.6724491610657424,0.6724981279112399,4.8966845497488976e-05,3722,270,1353,76,,200,,jev-1.13.0,5.6826e-05,5.6826e-05
jev_seed0_070_motor,jev,False,motor,0.6520812870003283,0.6519577610306442,0.6520067451056093,4.898407496511936e-05,8934,556,2619,144,,200,,jev-1.13.0,0.000109998,0.000109998
jev_seed0_071_intent,jev,False,intent,0.40527839004062116,0.40507000917568803,0.4051730940118432,0.00010308483615517616,3726,283,1357,76,,200,,jev-1.13.0,5.6994000000000004e-05,5.6994000000000004e-05
jev_seed0_071_motor,jev,False,motor,0.6525692758150399,0.6524692259263247,0.6525129098445177,4.3683918192982674e-05,8940,553,2625,144,,200,,jev-1.13.0,0.00011025,0.00011025
jev_seed0_072_intent,jev,False,intent,0.41843063198029995,0.41830068198032677,0.4183611220214516,6.044004112482071e-05,3726,283,1357,76,,200,,jev-1.13.0,5.6994000000000004e-05,5.6994000000000004e-05
jev_seed0_072_motor,jev,False,motor,0.5578524849843234,0.5577347059734166,0.55778573686257,5.103088915348053e-05,8940,556,2625,144,,200,,jev-1.13.0,0.00011025,0.00011025
jev_seed0_073_intent,jev,False,intent,0.3638404330704361,0.36367690307088196,0.363757680170238,8.077709935605526e-05,3726,270,1357,76,,200,,jev-1.13.0,5.6994000000000004e-05,5.6994000000000004e-05
jev_seed0_073_motor,jev,False,motor,0.513352810870856,0.5132501809857786,0.513294193893671,4.401290789246559e-05,8940,570,2625,144,,200,,jev-1.13.0,0.00011025,0.00011025
jev_seed0_074_intent,jev,False,intent,0.40162534289993346,0.4014963968656957,0.40156064881011844,6.425194442272186e-05,3726,269,1357,76,,200,,jev-1.13.0,5.6994000000000004e-05,5.6994000000000004e-05
jev_seed0_074_motor,jev,False,motor,0.542109765810892,0.5419859387911856,0.5420343719888479,4.8433197662234306e-05,8940,555,2625,144,,200,,jev-1.13.0,0.00011025,0.00011025
jev_seed0_075_intent,jev,False,intent,0.8830482710618526,0.8829221809282899,0.8829858088865876,6.362795829772949e-05,3725,270,1356,76,,200,,jev-1.13.0,5.6952000000000006e-05,5.6952000000000006e-05
jev_seed0_075_motor,jev,False,motor,0.5297468390781432,0.52965455991216,0.5296948789618909,4.031904973089695e-05,8939,556,2624,144,,200,,jev-1.13.0,0.00011020800000000001,0.00011020800000000001
jev_seed0_076_intent,jev,False,intent,0.6655074150767177,0.6654083759058267,0.6654585308860987,5.015498027205467e-05,3726,269,1357,76,,200,,jev-1.13.0,5.6994000000000004e-05,5.6994000000000004e-05
jev_seed0_076_motor,jev,False,motor,0.49627947015687823,0.49613057100214064,0.4961952001322061,6.462913006544113e-05,8940,556,2625,144,,200,,jev-1.13.0,0.00011025,0.00011025
jev_seed0_077_intent,jev,False,intent,0.34060344914905727,0.34050225699320436,0.34055324899964035,5.0992006435990334e-05,3727,268,1357,76,,200,,jev-1.13.0,5.6994000000000004e-05,5.6994000000000004e-05
jev_seed0_077_motor,jev,False,motor,0.4582072568591684,0.45801573898643255,0.45809712493792176,8.138595148921013e-05,8937,555,2625,144,,200,,jev-1.13.0,0.00011025,0.00011025
jev_seed0_078_intent,jev,False,intent,0.34013405814766884,0.3399818961042911,0.34005762613378465,7.573002949357033e-05,3725,270,1357,76,,200,,jev-1.13.0,5.6994000000000004e-05,5.6994000000000004e-05
jev_seed0_078_motor,jev,False,motor,0.6378442600835115,0.6377215040847659,0.6377705899067223,4.90858219563961e-05,8939,557,2625,144,,200,,jev-1.13.0,0.00011025,0.00011025
jev_seed0_079_intent,jev,False,intent,0.35020349407568574,0.3501028649043292,0.35015115793794394,4.829303361475468e-05,3726,270,1357,76,,200,,jev-1.13.0,5.6994000000000004e-05,5.6994000000000004e-05
jev_seed0_079_motor,jev,False,motor,0.6436051570344716,0.6434153120499104,0.6434959298931062,8.061784319579601e-05,8940,557,2625,144,,200,,jev-1.13.0,0.00011025,0.00011025
jev_seed0_080_intent,jev,False,intent,0.344540196005255,0.3443685451056808,0.3444546621758491,8.611707016825676e-05,3725,269,1356,76,,200,,jev-1.13.0,5.6952000000000006e-05,5.6952000000000006e-05
jev_seed0_080_motor,jev,False,motor,0.5153701670933515,0.5152451118919998,0.5152931311167777,4.8019224777817726e-05,8939,557,2624,144,,200,,jev-1.13.0,0.00011020800000000001,0.00011020800000000001
jev_seed0_081_intent,jev,False,intent,0.40379356988705695,0.4036890829447657,0.40373951592482626,5.043298006057739e-05,3726,270,1357,76,,200,,jev-1.13.0,5.6994000000000004e-05,5.6994000000000004e-05
jev_seed0_081_motor,jev,False,motor,0.6284101740457118,0.6282877600751817,0.6283363560214639,4.859594628214836e-05,8940,557,2625,144,,200,,jev-1.13.0,0.00011025,0.00011025
jev_seed0_082_intent,jev,False,intent,0.37052998482249677,0.37042487086728215,0.37047752598300576,5.2655115723609924e-05,3725,269,1356,76,,200,,jev-1.13.0,5.6952000000000006e-05,5.6952000000000006e-05
jev_seed0_082_motor,jev,False,motor,0.4742245471570641,0.47406626609154046,0.47413344914093614,6.718304939568043e-05,8938,557,2623,144,,200,,jev-1.13.0,0.00011016600000000002,0.00011016600000000002
jev_seed0_083_intent,jev,False,intent,0.6066873450763524,0.6065713211428374,0.6066298761870712,5.855504423379898e-05,3725,270,1356,76,,200,,jev-1.13.0,5.6952000000000006e-05,5.6952000000000006e-05
jev_seed0_083_motor,jev,False,motor,0.6107536060735583,0.610641677165404,0.6106911459937692,4.946882836520672e-05,8938,560,2623,144,,200,,jev-1.13.0,0.00011016600000000002,0.00011016600000000002
jev_seed0_084_intent,jev,False,intent,0.34780346299521625,0.34765356802381575,0.34772798395715654,7.441593334078789e-05,3725,269,1356,76,,200,,jev-1.13.0,5.6952000000000006e-05,5.6952000000000006e-05
jev_seed0_084_motor,jev,False,motor,0.4601105300243944,0.4599460440222174,0.4600168790202588,7.083499804139137e-05,8938,556,2623,144,,200,,jev-1.13.0,0.00011016600000000002,0.00011016600000000002
jev_seed0_085_intent,jev,False,intent,0.4083176590502262,0.4081222990062088,0.40821954794228077,9.724893607199192e-05,3724,270,1355,76,,200,,jev-1.13.0,5.691e-05,5.691e-05
jev_seed0_085_motor,jev,False,motor,0.47215632908046246,0.47197700501419604,0.47205219604074955,7.519102655351162e-05,8937,556,2622,144,,200,,jev-1.13.0,0.000110124,0.000110124
jev_seed0_086_intent,jev,False,intent,0.38573489896953106,0.3856339871417731,0.3856829199939966,4.893285222351551e-05,3724,271,1356,76,,200,,jev-1.13.0,5.6952000000000006e-05,5.6952000000000006e-05
jev_seed0_086_motor,jev,False,motor,0.5137079891283065,0.5134700781200081,0.513571840012446,0.00010176189243793488,8937,560,2620,144,,200,,jev-1.13.0,0.00011004000000000001,0.00011004000000000001
jev_seed0_087_intent,jev,False,intent,0.4861445240676403,0.4860478409100324,0.4860958738718182,4.8032961785793304e-05,3725,271,1356,76,,200,,jev-1.13.0,5.6952000000000006e-05,5.6952000000000006e-05
jev_seed0_087_motor,jev,False,motor,0.5269149199593812,0.5268100609537214,0.5268564741127193,4.6413158997893333e-05,8938,557,2620,144,,200,,jev-1.13.0,0.00011004000000000001,0.00011004000000000001
jev_seed0_088_intent,jev,False,intent,0.33465996105223894,0.33454747311770916,0.3346037140581757,5.624094046652317e-05,3724,270,1355,76,,200,,jev-1.13.0,5.691e-05,5.691e-05
jev_seed0_088_motor,jev,False,motor,0.4517479878850281,0.45162409800104797,0.4516734778881073,4.937988705933094e-05,8936,561,2618,144,,200,,jev-1.13.0,0.000109956,0.000109956
jev_seed0_089_intent,jev,False,intent,0.5408533508889377,0.5407543140463531,0.540803245967254,4.8931920900940895e-05,3723,270,1354,76,,200,,jev-1.13.0,5.6868000000000005e-05,5.6868000000000005e-05
jev_seed0_089_motor,jev,False,motor,0.5939283159095794,0.5938046819064766,0.5938541230279952,4.944112151861191e-05,8935,565,2617,144,,200,,jev-1.13.0,0.000109914,0.000109914
jev_seed0_090_intent,jev,False,intent,0.3912448880728334,0.39114399696700275,0.39119281293824315,4.881597124040127e-05,3722,270,1353,76,,200,,jev-1.13.0,5.6826e-05,5.6826e-05
jev_seed0_090_motor,jev,False,motor,0.5214224488008767,0.5212978248018771,0.521346891997382,4.906719550490379e-05,8934,561,2616,144,,200,,jev-1.13.0,0.000109872,0.000109872
jev_seed0_091_intent,jev,False,intent,0.816015237942338,0.8159120508935302,0.8159608689602464,4.881806671619415e-05,3720,270,1351,76,,200,,jev-1.13.0,5.674200000000001e-05,5.674200000000001e-05
jev_seed0_091_motor,jev,False,motor,0.8900786000303924,0.8899552570655942,0.8900048159994185,4.9558933824300766e-05,8930,554,2612,144,,200,,jev-1.13.0,0.000109704,0.000109704
jev_seed0_092_intent,jev,False,intent,0.4434960330836475,0.4433946169447154,0.44344375701621175,4.9140071496367455e-05,3720,270,1351,76,,200,,jev-1.13.0,5.674200000000001e-05,5.674200000000001e-05
jev_seed0_092_motor,jev,False,motor,0.8977730569895357,0.8976391791366041,0.897700411034748,6.123189814388752e-05,8930,556,2612,144,,200,,jev-1.13.0,0.000109704,0.000109704
jev_seed0_093_intent,jev,False,intent,0.38557771500200033,0.38542919396422803,0.38550450815819204,7.531419396400452e-05,3720,270,1351,76,,200,,jev-1.13.0,5.674200000000001e-05,5.674200000000001e-05
jev_seed0_093_motor,jev,False,motor,0.6347009781748056,0.6345768661703914,0.6346260339487344,4.9167778342962265e-05,8930,559,2612,144,,200,,jev-1.13.0,0.000109704,0.000109704
jev_seed0_094_intent,jev,False,intent,0.40673449798487127,0.40663425298407674,0.4066869360394776,5.268305540084839e-05,3720,270,1351,76,,200,,jev-1.13.0,5.674200000000001e-05,5.674200000000001e-05
jev_seed0_094_motor,jev,False,motor,0.5462661618366838,0.5461501078680158,0.5462009438779205,5.083600990474224e-05,8930,559,2612,144,,200,,jev-1.13.0,0.000109704,0.000109704
jev_seed0_095_intent,jev,False,intent,0.4071899140253663,0.40704894717782736,0.4071206550579518,7.170788012444973e-05,3719,270,1350,76,,200,,jev-1.13.0,5.67e-05,5.67e-05
jev_seed0_095_motor,jev,False,motor,0.9953322310466319,0.9951755979564041,0.9952412010170519,6.560306064784527e-05,8929,560,2611,144,,200,,jev-1.13.0,0.00010966200000000001,0.00010966200000000001
jev_seed0_096_intent,jev,False,intent,0.39762437297031283,0.39748573396354914,0.39755579293705523,7.005897350609303e-05,3719,270,1350,76,,200,,jev-1.13.0,5.67e-05,5.67e-05
jev_seed0_096_motor,jev,False,motor,0.5882310799788684,0.5879930320661515,0.5880952330771834,0.00010220101103186607,8928,554,2610,144,,200,,jev-1.13.0,0.00010962000000000001,0.00010962000000000001
jev_seed0_097_intent,jev,False,intent,1.1380117351654917,1.1379118280019611,1.137959921034053,4.8093032091856e-05,3719,270,1350,76,,200,,jev-1.13.0,5.67e-05,5.67e-05
jev_seed0_097_motor,jev,False,motor,0.7589276540093124,0.7586231499444693,0.7587023128289729,7.916288450360298e-05,8928,556,2610,144,,200,,jev-1.13.0,0.00010962000000000001,0.00010962000000000001
jev_seed0_098_intent,jev,False,intent,0.36020901100710034,0.36001572594977915,0.36011189804412425,9.617209434509277e-05,3719,270,1350,76,,200,,jev-1.13.0,5.67e-05,5.67e-05
jev_seed0_098_motor,jev,False,motor,0.567520712967962,0.5674126509111375,0.5674643008969724,5.164998583495617e-05,8928,558,2610,144,,200,,jev-1.13.0,0.00010962000000000001,0.00010962000000000001
jev_seed0_099_intent,jev,False,intent,0.38690295396372676,0.3867448519449681,0.3868245279882103,7.967604324221611e-05,3719,270,1350,76,,200,,jev-1.13.0,5.67e-05,5.67e-05
jev_seed0_099_motor,jev,False,motor,0.5044012018479407,0.5042774309404194,0.504326859023422,4.942808300256729e-05,8928,557,2610,144,,200,,jev-1.13.0,0.00010962000000000001,0.00010962000000000001
jev_seed0_100_intent,jev,False,intent,0.3930044420994818,0.3928962100762874,0.3929506321437657,5.442206747829914e-05,3717,271,1349,76,,200,,jev-1.13.0,5.6658e-05,5.6658e-05
jev_seed0_100_motor,jev,False,motor,0.6031072540208697,0.6029799380339682,0.6030320702120662,5.213217809796333e-05,8934,551,2609,144,,200,,jev-1.13.0,0.000109578,0.000109578
jev_seed0_101_intent,jev,False,intent,0.7941677919588983,0.7939598511438817,0.7940639529842883,0.00010410184040665627,3706,273,1345,76,,200,,jev-1.13.0,5.649e-05,5.649e-05
jev_seed0_101_motor,jev,False,motor,0.519008477916941,0.518878425937146,0.5189349979627877,5.657202564179897e-05,8929,556,2615,144,,200,,jev-1.13.0,0.00010983000000000001,0.00010983000000000001
jev_seed0_102_intent,jev,False,intent,0.36355210514739156,0.36338736419565976,0.36347029311582446,8.292892016470432e-05,3707,272,1345,76,,200,,jev-1.13.0,5.649e-05,5.649e-05
jev_seed0_102_motor,jev,False,motor,0.49146188399754465,0.49133341014385223,0.4913889500312507,5.553988739848137e-05,8931,554,2616,144,,200,,jev-1.13.0,0.000109872,0.000109872
jev_seed0_103_intent,jev,False,intent,0.35706027899868786,0.35694758384488523,0.3570050220005214,5.743815563619137e-05,3709,272,1347,76,,200,,jev-1.13.0,5.6574000000000004e-05,5.6574000000000004e-05
jev_seed0_103_motor,jev,False,motor,0.4703801341820508,0.47010458121076226,0.4702205969952047,0.00011601578444242477,8934,555,2618,144,,200,,jev-1.13.0,0.000109956,0.000109956
jev_seed0_104_intent,jev,False,intent,0.3504619731102139,0.350274418015033,0.3503827559761703,0.00010833796113729477,3712,273,1350,76,,200,,jev-1.13.0,5.67e-05,5.67e-05
jev_seed0_104_motor,jev,False,motor,0.4882595418021083,0.48813027585856616,0.48817832581698895,4.804995842278004e-05,8939,556,2621,144,,200,,jev-1.13.0,0.00011008200000000001,0.00011008200000000001
jev_seed0_105_intent,jev,False,intent,0.38654856593348086,0.3864380249287933,0.38649436086416245,5.633593536913395e-05,3711,273,1349,76,,200,,jev-1.13.0,5.6658e-05,5.6658e-05
jev_seed0_105_motor,jev,False,motor,0.47549287509173155,0.4753671989310533,0.4754203960765153,5.319714546203613e-05,8938,555,2620,144,,200,,jev-1.13.0,0.00011004000000000001,0.00011004000000000001
jev_seed0_106_intent,jev,False,intent,0.3540952089242637,0.3539222008548677,0.35400824481621385,8.604396134614944e-05,3713,272,1351,76,,200,,jev-1.13.0,5.674200000000001e-05,5.674200000000001e-05
jev_seed0_106_motor,jev,False,motor,0.45932933292351663,0.45921360491774976,0.45926482579670846,5.122087895870209e-05,8941,555,2623,144,,200,,jev-1.13.0,0.00011016600000000002,0.00011016600000000002
jev_seed0_107_intent,jev,False,intent,0.3876121109351516,0.3873082138597965,0.3874984257854521,0.0001902119256556034,3712,272,1350,76,,200,,jev-1.13.0,5.67e-05,5.67e-05
jev_seed0_107_motor,jev,False,motor,0.4640821341890842,0.46395813999697566,0.4640081971883774,5.005719140172005e-05,8940,554,2622,144,,200,,jev-1.13.0,0.000110124,0.000110124
jev_seed0_108_intent,jev,False,intent,0.39714131597429514,0.3970107748173177,0.3970745229162276,6.374809890985489e-05,3715,272,1353,76,,200,,jev-1.13.0,5.6826e-05,5.6826e-05
jev_seed0_108_motor,jev,False,motor,0.8305689049884677,0.830384919885546,0.8304647479671985,7.982808165252209e-05,8944,556,2626,144,,200,,jev-1.13.0,0.00011029200000000001,0.00011029200000000001
jev_seed1_000_intent,jev,False,intent,1.0346979829482734,1.0345361069776118,1.034618505043909,8.23980662971735e-05,3708,269,1355,78,,200,,jev-1.13.0,5.691e-05,5.691e-05
jev_seed1_000_motor,jev,False,motor,0.5856177399400622,0.5854879999533296,0.5855408739298582,5.287397652864456e-05,8943,560,2634,144,,200,,jev-1.13.0,0.000110628,0.000110628
jev_seed1_001_intent,jev,False,intent,0.3152333649341017,0.3151290318928659,0.31518034311011434,5.131121724843979e-05,3725,270,1362,78,,200,,jev-1.13.0,5.7204e-05,5.7204e-05
jev_seed1_001_motor,jev,False,motor,0.3246588308829814,0.32453168486244977,0.32458325708284974,5.157222039997578e-05,8960,561,2641,144,,200,,jev-1.13.0,0.000110922,0.000110922
jev_seed1_002_intent,jev,False,intent,0.3111738790757954,0.31106961611658335,0.3111204991582781,5.088304169476032e-05,3724,270,1361,78,,200,,jev-1.13.0,5.7162000000000006e-05,5.7162000000000006e-05
jev_seed1_002_motor,jev,False,motor,0.6115940499585122,0.6114699519239366,0.6115192510187626,4.929909482598305e-05,8958,558,2639,144,,200,,jev-1.13.0,0.00011083800000000001,0.00011083800000000001
jev_seed1_003_intent,jev,False,intent,0.33837153296917677,0.3382107459474355,0.33829210698604584,8.136103861033916e-05,3722,270,1359,78,,200,,jev-1.13.0,5.7078000000000005e-05,5.7078000000000005e-05
jev_seed1_003_motor,jev,False,motor,0.3342902488075197,0.33410130394622684,0.33418160397559404,8.030002936720848e-05,8955,560,2636,144,,200,,jev-1.13.0,0.000110712,0.000110712
jev_seed1_004_intent,jev,False,intent,0.2796311129350215,0.2795283240266144,0.27957883407361805,5.0510047003626823e-05,3722,272,1359,78,,200,,jev-1.13.0,5.7078000000000005e-05,5.7078000000000005e-05
jev_seed1_004_motor,jev,False,motor,0.4973402828909457,0.4971304808277637,0.4972153250128031,8.484418503940105e-05,8955,561,2636,144,,200,,jev-1.13.0,0.000110712,0.000110712
jev_seed1_005_intent,jev,False,intent,0.4862171590793878,0.4860533019527793,0.48613833892159164,8.503696881234646e-05,3721,270,1358,78,,200,,jev-1.13.0,5.7036e-05,5.7036e-05
jev_seed1_005_motor,jev,False,motor,0.38318897201679647,0.382999945897609,0.3830802049487829,8.02590511739254e-05,8954,561,2635,144,,200,,jev-1.13.0,0.00011067,0.00011067
jev_seed1_006_intent,jev,False,intent,0.27085000718943775,0.2707487440202385,0.27079731109552085,4.856707528233528e-05,3722,272,1359,78,,200,,jev-1.13.0,5.7078000000000005e-05,5.7078000000000005e-05
jev_seed1_006_motor,jev,False,motor,0.4832793108653277,0.4831533539108932,0.48320335196331143,4.9998052418231964e-05,8955,557,2636,144,,200,,jev-1.13.0,0.000110712,0.000110712
jev_seed1_007_intent,jev,False,intent,0.3029024878051132,0.30280001694336534,0.3028487788978964,4.876195453107357e-05,3720,270,1357,78,,200,,jev-1.13.0,5.6994000000000004e-05,5.6994000000000004e-05
jev_seed1_007_motor,jev,False,motor,0.33111836691387,0.33097117696888745,0.33104201196692884,7.083499804139137e-05,8952,557,2633,144,,200,,jev-1.13.0,0.00011058600000000001,0.00011058600000000001
jev_seed1_008_intent,jev,False,intent,0.33310957811772823,0.3330074700061232,0.33305783895775676,5.036895163357258e-05,3720,272,1357,78,,200,,jev-1.13.0,5.6994000000000004e-05,5.6994000000000004e-05
jev_seed1_008_motor,jev,False,motor,0.32686646608635783,0.32673873915337026,0.3267898210324347,5.108187906444073e-05,8952,558,2633,144,,200,,jev-1.13.0,0.00011058600000000001,0.00011058600000000001
jev_seed1_009_intent,jev,False,intent,0.3268599519506097,0.3267467978876084,0.3267946520354599,4.785414785146713e-05,3720,272,1357,78,,200,,jev-1.13.0,5.6994000000000004e-05,5.6994000000000004e-05
jev_seed1_009_motor,jev,False,motor,0.4665152740199119,0.46632065693847835,0.466401593061164,8.093612268567085e-05,8952,559,2633,144,,200,,jev-1.13.0,0.00011058600000000001,0.00011058600000000001
jev_seed1_010_intent,jev,False,intent,0.7647254960611463,0.7646231718827039,0.7646732379216701,5.0066038966178894e-05,3719,272,1356,78,,200,,jev-1.13.0,5.6952000000000006e-05,5.6952000000000006e-05
jev_seed1_010_motor,jev,False,motor,0.5304252239875495,0.5302996539976448,0.5303500650916249,5.041109398007393e-05,8951,565,2632,144,,200,,jev-1.13.0,0.00011054400000000002,0.00011054400000000002
jev_seed1_011_intent,jev,False,intent,0.3323860210366547,0.332283252151683,0.3323327600955963,4.950794391334057e-05,3720,272,1357,78,,200,,jev-1.13.0,5.6994000000000004e-05,5.6994000000000004e-05
jev_seed1_011_motor,jev,False,motor,0.4602899388410151,0.4601684098597616,0.4602162349037826,4.78250440210104e-05,8952,560,2633,144,,200,,jev-1.13.0,0.00011058600000000001,0.00011058600000000001
jev_seed1_012_intent,jev,False,intent,0.4078898769803345,0.40778871392831206,0.4078384719323367,4.9758004024624825e-05,3720,270,1357,78,,200,,jev-1.13.0,5.6994000000000004e-05,5.6994000000000004e-05
jev_seed1_012_motor,jev,False,motor,0.543644875055179,0.5435201639775187,0.5435686809942126,4.85170166939497e-05,8952,560,2633,144,,200,,jev-1.13.0,0.00011058600000000001,0.00011058600000000001
jev_seed1_013_intent,jev,False,intent,0.3871089071035385,0.38700457010418177,0.38705565594136715,5.108583718538284e-05,3721,272,1357,78,,200,,jev-1.13.0,5.6994000000000004e-05,5.6994000000000004e-05
jev_seed1_013_motor,jev,False,motor,0.4804704408161342,0.48033299180679023,0.4803888229653239,5.583115853369236e-05,8953,558,2633,144,,200,,jev-1.13.0,0.00011058600000000001,0.00011058600000000001
jev_seed1_014_intent,jev,False,intent,0.3629561939742416,0.36278849584050477,0.3628700999543071,8.16041138023138e-05,3721,272,1357,78,,200,,jev-1.13.0,5.6994000000000004e-05,5.6994000000000004e-05
jev_seed1_014_motor,jev,False,motor,0.47020937595516443,0.4700105630327016,0.47009625006467104,8.568703196942806e-05,8953,555,2633,144,,200,,jev-1.13.0,0.00011058600000000001,0.00011058600000000001
jev_seed1_015_intent,jev,False,intent,0.3022476718761027,0.3021441160235554,0.30219362187199295,4.9505848437547684e-05,3719,272,1355,78,,200,,jev-1.13.0,5.691e-05,5.691e-05
jev_seed1_015_motor,jev,False,motor,0.4197722589597106,0.4195732749067247,0.41965620103292167,8.292612619698048e-05,8950,556,2630,144,,200,,jev-1.13.0,0.00011046000000000001,0.00011046000000000001
jev_seed1_016_intent,jev,False,intent,0.3188979900442064,0.3187932970467955,0.31884514004923403,5.184300243854523e-05,3718,273,1354,78,,200,,jev-1.13.0,5.6868000000000005e-05,5.6868000000000005e-05
jev_seed1_016_motor,jev,False,motor,0.3985039310064167,0.3983773849904537,0.3984284531325102,5.106814205646515e-05,8948,560,2628,144,,200,,jev-1.13.0,0.000110376,0.000110376
jev_seed1_017_intent,jev,False,intent,0.31524819508194923,0.31514292606152594,0.31519428198225796,5.135592073202133e-05,3718,273,1354,78,,200,,jev-1.13.0,5.6868000000000005e-05,5.6868000000000005e-05
jev_seed1_017_motor,jev,False,motor,0.4402441990096122,0.44011268112808466,0.4401637890841812,5.110795609652996e-05,8948,556,2628,144,,200,,jev-1.13.0,0.000110376,0.000110376
jev_seed1_018_intent,jev,False,intent,0.3667069219518453,0.366597814951092,0.3666495808865875,5.1765935495495796e-05,3717,272,1353,78,,200,,jev-1.13.0,5.6826e-05,5.6826e-05
jev_seed1_018_motor,jev,False,motor,0.8477345809806138,0.8476074610371143,0.8476575349923223,5.0073955208063126e-05,8946,568,2626,144,,200,,jev-1.13.0,0.00011029200000000001,0.00011029200000000001
jev_seed1_019_intent,jev,False,intent,0.7204507200513035,0.7203464570920914,0.7203970679547638,5.061086267232895e-05,3717,272,1353,78,,200,,jev-1.13.0,5.6826e-05,5.6826e-05
jev_seed1_019_motor,jev,False,motor,0.4890228568110615,0.4888931829482317,0.48894552886486053,5.2345916628837585e-05,8946,556,2626,144,,200,,jev-1.13.0,0.00011029200000000001,0.00011029200000000001
jev_seed1_020_intent,jev,False,intent,0.3124694870784879,0.31236686813645065,0.31241609808057547,4.922994412481785e-05,3716,272,1352,78,,200,,jev-1.13.0,5.6784000000000004e-05,5.6784000000000004e-05
jev_seed1_020_motor,jev,False,motor,0.4481295980513096,0.44800068717449903,0.44805350014939904,5.281297490000725e-05,8945,561,2625,144,,200,,jev-1.13.0,0.00011025,0.00011025
jev_seed1_021_intent,jev,False,intent,0.5283904008101672,0.5282837399281561,0.528335970826447,5.2230898290872574e-05,3717,273,1353,78,,200,,jev-1.13.0,5.6826e-05,5.6826e-05
jev_seed1_021_motor,jev,False,motor,0.8199750368949026,0.8198466110043228,0.8198984200134873,5.180900916457176e-05,8946,556,2626,144,,200,,jev-1.13.0,0.00011029200000000001,0.00011029200000000001
jev_seed1_022_intent,jev,False,intent,0.3357614828273654,0.33565811393782496,0.33570877299644053,5.06590586155653e-05,3714,273,1351,78,,200,,jev-1.13.0,5.674200000000001e-05,5.674200000000001e-05
jev_seed1_022_motor,jev,False,motor,0.8557457730639726,0.8556137699633837,0.8556662539485842,5.248398520052433e-05,8941,557,2623,144,,200,,jev-1.13.0,0.00011016600000000002,0.00011016600000000002
jev_seed1_023_intent,jev,False,intent,0.33831005403771996,0.3382071708329022,0.33825716096907854,4.999013617634773e-05,3713,273,1349,78,,200,,jev-1.13.0,5.6658e-05,5.6658e-05
jev_seed1_023_motor,jev,False,motor,0.42894774000160396,0.4288237979635596,0.42887337505817413,4.957709461450577e-05,8939,557,2620,144,,200,,jev-1.13.0,0.00011004000000000001,0.00011004000000000001
jev_seed1_024_intent,jev,False,intent,0.3316750889644027,0.3315706269349903,0.3316219130065292,5.128607153892517e-05,3713,273,1349,78,,200,,jev-1.13.0,5.6658e-05,5.6658e-05
jev_seed1_024_motor,jev,False,motor,0.4522271410096437,0.45210164692252874,0.4521521180868149,5.047116428613663e-05,8939,560,2620,144,,200,,jev-1.13.0,0.00011004000000000001,0.00011004000000000001
jev_seed1_025_intent,jev,False,intent,0.30207110894843936,0.30196837801486254,0.3020187660586089,5.0388043746352196e-05,3712,273,1348,78,,200,,jev-1.13.0,5.661600000000001e-05,5.661600000000001e-05
jev_seed1_025_motor,jev,False,motor,0.5594888119958341,0.559360884828493,0.5594119050074369,5.102017894387245e-05,8938,555,2619,144,,200,,jev-1.13.0,0.000109998,0.000109998
jev_seed1_026_intent,jev,False,intent,0.3344450918957591,0.33433228894136846,0.33438759087584913,5.5301934480667114e-05,3713,273,1349,78,,200,,jev-1.13.0,5.6658e-05,5.6658e-05
jev_seed1_026_motor,jev,False,motor,0.4357732920907438,0.43564663897268474,0.43569633713923395,4.969816654920578e-05,8939,557,2620,144,,200,,jev-1.13.0,0.00011004000000000001,0.00011004000000000001
jev_seed1_027_intent,jev,False,intent,0.33570581395179033,0.3356023239903152,0.33565174601972103,4.942202940583229e-05,3714,273,1350,78,,200,,jev-1.13.0,5.67e-05,5.67e-05
jev_seed1_027_motor,jev,False,motor,0.9268422841560096,0.9267140300944448,0.9267655401490629,5.1510054618120193e-05,8941,561,2622,144,,200,,jev-1.13.0,0.000110124,0.000110124
jev_seed1_028_intent,jev,False,intent,0.29882611404173076,0.29872320918366313,0.29877251316793263,4.930398426949978e-05,3714,273,1350,78,,200,,jev-1.13.0,5.67e-05,5.67e-05
jev_seed1_028_motor,jev,False,motor,0.41631029010750353,0.41618437110446393,0.416234825970605,5.0454866141080856e-05,8941,548,2622,144,,200,,jev-1.13.0,0.000110124,0.000110124
jev_seed1_029_intent,jev,False,intent,0.30549566191621125,0.30539133795537055,0.3054425378795713,5.119992420077324e-05,3712,273,1348,78,,200,,jev-1.13.0,5.661600000000001e-05,5.661600000000001e-05
jev_seed1_029_motor,jev,False,motor,0.38536642282269895,0.38524180790409446,0.3852915889583528,4.978105425834656e-05,8938,552,2620,144,,200,,jev-1.13.0,0.00011004000000000001,0.00011004000000000001
jev_seed1_030_intent,jev,False,intent,0.329475934850052,0.3293724108953029,0.3294230308383703,5.061994306743145e-05,3710,270,1347,77,,200,,jev-1.13.0,5.6574000000000004e-05,5.6574000000000004e-05
jev_seed1_030_motor,jev,False,motor,0.47660170402377844,0.4764608549885452,0.4765105650294572,4.971004091203213e-05,8924,552,2615,144,,200,,jev-1.13.0,0.00010983000000000001,0.00010983000000000001
jev_seed1_031_intent,jev,False,intent,0.4368456630036235,0.43674479704350233,0.43679414689540863,4.934985190629959e-05,3724,266,1354,77,,200,,jev-1.13.0,5.6868000000000005e-05,5.6868000000000005e-05
jev_seed1_031_motor,jev,False,motor,0.5903795820195228,0.5902533989865333,0.5903028079774231,4.9408990889787674e-05,8938,561,2622,144,,200,,jev-1.13.0,0.000110124,0.000110124
jev_seed1_032_intent,jev,False,intent,0.34043228183873,0.3403297648765147,0.34038041392341256,5.0649046897888184e-05,3724,265,1355,76,,200,,jev-1.13.0,5.691e-05,5.691e-05
jev_seed1_032_motor,jev,False,motor,0.4556061299517751,0.455480779055506,0.4555315528996289,5.077384412288666e-05,8934,551,2622,144,,200,,jev-1.13.0,0.000110124,0.000110124
jev_seed1_033_intent,jev,False,intent,0.3172502850648016,0.3171444090548903,0.31719591515138745,5.150609649717808e-05,3722,268,1354,76,,200,,jev-1.13.0,5.6868000000000005e-05,5.6868000000000005e-05
jev_seed1_033_motor,jev,False,motor,0.5069895549677312,0.5068601409438998,0.5069134249351919,5.3283991292119026e-05,8931,554,2620,144,,200,,jev-1.13.0,0.00011004000000000001,0.00011004000000000001
jev_seed1_034_intent,jev,False,intent,0.39426594390533864,0.3941631019115448,0.3942152678500861,5.2165938541293144e-05,3725,265,1356,76,,200,,jev-1.13.0,5.6952000000000006e-05,5.6952000000000006e-05
jev_seed1_034_motor,jev,False,motor,0.4562831479124725,0.456157716922462,0.456207858864218,5.0141941756010056e-05,8936,554,2623,144,,200,,jev-1.13.0,0.00011016600000000002,0.00011016600000000002
jev_seed1_035_intent,jev,False,intent,0.358615810982883,0.3585136141628027,0.35856506507843733,5.145091563463211e-05,3724,265,1355,76,,200,,jev-1.13.0,5.691e-05,5.691e-05
jev_seed1_035_motor,jev,False,motor,0.6384014498908073,0.6382757399696857,0.6383259389549494,5.0198985263705254e-05,8935,553,2622,144,,200,,jev-1.13.0,0.000110124,0.000110124
jev_seed1_036_intent,jev,False,intent,0.4572555869817734,0.4571551610715687,0.4572052229195833,5.0061848014593124e-05,3725,265,1356,76,,200,,jev-1.13.0,5.6952000000000006e-05,5.6952000000000006e-05
jev_seed1_036_motor,jev,False,motor,1.668407389195636,1.6682826781179756,1.6683332670945674,5.0588976591825485e-05,8936,553,2623,144,,200,,jev-1.13.0,0.00011016600000000002,0.00011016600000000002
jev_seed1_037_intent,jev,False,intent,2.3673529480583966,2.367250761948526,2.3672993809450418,4.8618996515870094e-05,3725,268,1356,76,,200,,jev-1.13.0,5.6952000000000006e-05,5.6952000000000006e-05
jev_seed1_037_motor,jev,False,motor,1.869171349098906,1.8690464871469885,1.8690969480667263,5.046091973781586e-05,8936,555,2623,144,,200,,jev-1.13.0,0.00011016600000000002,0.00011016600000000002
jev_seed1_038_intent,jev,False,intent,0.5722937739919871,0.5721911210566759,0.5722404839470983,4.936289042234421e-05,3728,268,1359,76,,200,,jev-1.13.0,5.7078000000000005e-05,5.7078000000000005e-05
jev_seed1_038_motor,jev,False,motor,0.5162200857885182,0.5160944960080087,0.5161450419109315,5.054590292274952e-05,8941,555,2628,144,,200,,jev-1.13.0,0.000110376,0.000110376
jev_seed1_039_intent,jev,False,intent,0.38062920211814344,0.3805296611972153,0.380578309064731,4.8647867515683174e-05,3728,265,1359,76,,200,,jev-1.13.0,5.7078000000000005e-05,5.7078000000000005e-05
jev_seed1_039_motor,jev,False,motor,0.5021291631273925,0.5020053789485246,0.5020541369449347,4.8757996410131454e-05,8941,557,2628,144,,200,,jev-1.13.0,0.000110376,0.000110376
jev_seed1_040_intent,jev,False,intent,0.34235276910476387,0.34225081908516586,0.342300791060552,4.997197538614273e-05,3728,266,1359,76,,200,,jev-1.13.0,5.7078000000000005e-05,5.7078000000000005e-05
jev_seed1_040_motor,jev,False,motor,0.4521153219975531,0.45199072593823075,0.45203986088745296,4.913494922220707e-05,8941,555,2628,144,,200,,jev-1.13.0,0.000110376,0.000110376
jev_seed1_041_intent,jev,False,intent,0.38373995502479374,0.383637951919809,0.383687152992934,4.920107312500477e-05,3730,268,1361,76,,200,,jev-1.13.0,5.7162000000000006e-05,5.7162000000000006e-05
jev_seed1_041_motor,jev,False,motor,0.4619373620953411,0.46181353414431214,0.4618634250946343,4.9890950322151184e-05,8944,552,2631,144,,200,,jev-1.13.0,0.00011050200000000001,0.00011050200000000001
jev_seed1_042_intent,jev,False,intent,0.5431254138238728,0.5430223608855158,0.543071606894955,4.9246009439229965e-05,3730,268,1361,76,,200,,jev-1.13.0,5.7162000000000006e-05,5.7162000000000006e-05
jev_seed1_042_motor,jev,False,motor,0.4749964578077197,0.4748713329900056,0.4749207878485322,4.9454858526587486e-05,8944,571,2631,144,,200,,jev-1.13.0,0.00011050200000000001,0.00011050200000000001
jev_seed1_043_intent,jev,False,intent,0.4641107360366732,0.46401078603230417,0.4640592758078128,4.84897755086422e-05,3730,268,1361,76,,200,,jev-1.13.0,5.7162000000000006e-05,5.7162000000000006e-05
jev_seed1_043_motor,jev,False,motor,0.549480183981359,0.5493537820875645,0.5494053359143436,5.155382677912712e-05,8944,556,2631,144,,200,,jev-1.13.0,0.00011050200000000001,0.00011050200000000001
jev_seed1_044_intent,jev,False,intent,0.3038647510111332,0.30376432999037206,0.3038132169749588,4.88869845867157e-05,3730,268,1361,76,,200,,jev-1.13.0,5.7162000000000006e-05,5.7162000000000006e-05
jev_seed1_044_motor,jev,False,motor,0.4005454240832478,0.40041965106502175,0.400468833046034,4.918198101222515e-05,8944,557,2631,144,,200,,jev-1.13.0,0.00011050200000000001,0.00011050200000000001
jev_seed1_045_intent,jev,False,intent,0.6262197268661112,0.6261162438895553,0.6261663988698274,5.015498027205467e-05,3729,268,1360,76,,200,,jev-1.13.0,5.712e-05,5.712e-05
jev_seed1_045_motor,jev,False,motor,0.39621674292720854,0.3960904211271554,0.39614104595966637,5.062483251094818e-05,8943,553,2630,144,,200,,jev-1.13.0,0.00011046000000000001,0.00011046000000000001
jev_seed1_046_intent,jev,False,intent,0.3556518740952015,0.3555491999723017,0.3555993370246142,5.0137052312493324e-05,3730,268,1361,76,,200,,jev-1.13.0,5.7162000000000006e-05,5.7162000000000006e-05
jev_seed1_046_motor,jev,False,motor,0.38769543217495084,0.38757020118646324,0.387620059074834,4.9857888370752335e-05,8944,556,2631,144,,200,,jev-1.13.0,0.00011050200000000001,0.00011050200000000001
jev_seed1_047_intent,jev,False,intent,0.3276612451300025,0.3275591731071472,0.32760863518342376,4.9462076276540756e-05,3730,268,1361,76,,200,,jev-1.13.0,5.7162000000000006e-05,5.7162000000000006e-05
jev_seed1_047_motor,jev,False,motor,0.4168945839628577,0.4167706968728453,0.4168195500969887,4.885322414338589e-05,8944,555,2631,144,,200,,jev-1.13.0,0.00011050200000000001,0.00011050200000000001
jev_seed1_048_intent,jev,False,intent,0.33323146402835846,0.33312861202284694,0.33317876304499805,5.0151022151112556e-05,3730,268,1361,76,,200,,jev-1.13.0,5.7162000000000006e-05,5.7162000000000006e-05
jev_seed1_048_motor,jev,False,motor,0.3968179039657116,0.39668096392415464,0.39674055203795433,5.95881137996912e-05,8944,555,2631,144,,200,,jev-1.13.0,0.00011050200000000001,0.00011050200000000001
jev_seed1_049_intent,jev,False,intent,0.3746650160755962,0.37450372194871306,0.37458579102531075,8.206907659769058e-05,3730,268,1361,76,,200,,jev-1.13.0,5.7162000000000006e-05,5.7162000000000006e-05
jev_seed1_049_motor,jev,False,motor,0.49666730407625437,0.49653988308273256,0.4965904529672116,5.056988447904587e-05,8944,555,2631,144,,200,,jev-1.13.0,0.00011050200000000001,0.00011050200000000001
jev_seed1_050_intent,jev,False,intent,0.35518875904381275,0.3550844360142946,0.3551339618861675,4.9525871872901917e-05,3728,269,1360,76,,200,,jev-1.13.0,5.712e-05,5.712e-05
jev_seed1_050_motor,jev,False,motor,0.8159437940921634,0.8158194939605892,0.8158685700036585,4.907604306936264e-05,8946,561,2630,144,,200,,jev-1.13.0,0.00011046000000000001,0.00011046000000000001
jev_seed1_051_intent,jev,False,intent,0.3842914360575378,0.38418837008066475,0.38423755718395114,4.9187103286385536e-05,3730,269,1361,76,,200,,jev-1.13.0,5.7162000000000006e-05,5.7162000000000006e-05
jev_seed1_051_motor,jev,False,motor,0.718190676998347,0.7180680551100522,0.7181164789944887,4.842388443648815e-05,8948,560,2631,144,,200,,jev-1.13.0,0.00011050200000000001,0.00011050200000000001
jev_seed1_052_intent,jev,False,intent,0.3903895039111376,0.39028718299232423,0.3903372089844197,5.002599209547043e-05,3727,269,1358,76,,200,,jev-1.13.0,5.7036e-05,5.7036e-05
jev_seed1_052_motor,jev,False,motor,0.5487140850163996,0.5485893560107797,0.5486388080753386,4.945206455886364e-05,8943,561,2626,144,,200,,jev-1.13.0,0.00011029200000000001,0.00011029200000000001
jev_seed1_053_intent,jev,False,intent,0.47867292491719127,0.4785693548619747,0.4786198770161718,5.0522154197096825e-05,3727,269,1358,76,,200,,jev-1.13.0,5.7036e-05,5.7036e-05
jev_seed1_053_motor,jev,False,motor,0.7414921540766954,0.7413661649916321,0.7414169791154563,5.081412382423878e-05,8943,561,2626,144,,200,,jev-1.13.0,0.00011029200000000001,0.00011029200000000001
jev_seed1_054_intent,jev,False,intent,0.5116005369927734,0.5114992531016469,0.5115492830518633,5.0029950216412544e-05,3727,268,1358,76,,200,,jev-1.13.0,5.7036e-05,5.7036e-05
jev_seed1_054_motor,jev,False,motor,1.1014731877949089,1.1013371290173382,1.1013941168785095,5.6987861171364784e-05,8943,558,2626,144,,200,,jev-1.13.0,0.00011029200000000001,0.00011029200000000001
jev_seed1_055_intent,jev,False,intent,0.3819493339397013,0.38184738298878074,0.3818961710203439,4.8788031563162804e-05,3726,269,1357,76,,200,,jev-1.13.0,5.6994000000000004e-05,5.6994000000000004e-05
jev_seed1_055_motor,jev,False,motor,0.5817812820896506,0.5816590951289982,0.5817068801261485,4.778499715030193e-05,8942,560,2625,144,,200,,jev-1.13.0,0.00011025,0.00011025
jev_seed1_056_intent,jev,False,intent,0.558275599963963,0.5581668219529092,0.5582193511072546,5.252915434539318e-05,3726,269,1357,76,,200,,jev-1.13.0,5.6994000000000004e-05,5.6994000000000004e-05
jev_seed1_056_motor,jev,False,motor,0.5697907560970634,0.5696624261327088,0.5697141150012612,5.1688868552446365e-05,8941,560,2624,144,,200,,jev-1.13.0,0.00011020800000000001,0.00011020800000000001
jev_seed1_057_intent,jev,False,intent,0.36719273612834513,0.36709044105373323,0.3671407289803028,5.028792656958103e-05,3726,269,1357,76,,200,,jev-1.13.0,5.6994000000000004e-05,5.6994000000000004e-05
jev_seed1_057_motor,jev,False,motor,0.6821840761695057,0.6820586961694062,0.6821088569704443,5.016080103814602e-05,8941,559,2624,144,,200,,jev-1.13.0,0.00011020800000000001,0.00011020800000000001
jev_seed1_058_intent,jev,False,intent,0.4634804599918425,0.463376424042508,0.46342716203071177,5.073798820376396e-05,3727,268,1357,76,,200,,jev-1.13.0,5.6994000000000004e-05,5.6994000000000004e-05
jev_seed1_058_motor,jev,False,motor,0.5272500300779939,0.5270490769762546,0.5271357020828873,8.66251066327095e-05,8938,554,2624,144,,200,,jev-1.13.0,0.00011020800000000001,0.00011020800000000001
jev_seed1_059_intent,jev,False,intent,0.4383049870375544,0.43820177111774683,0.43825200013816357,5.02290204167366e-05,3725,269,1357,76,,200,,jev-1.13.0,5.6994000000000004e-05,5.6994000000000004e-05
jev_seed1_059_motor,jev,False,motor,0.5420517190359533,0.5419267560355365,0.5419763810932636,4.9625057727098465e-05,8940,560,2624,144,,200,,jev-1.13.0,0.00011020800000000001,0.00011020800000000001
jev_seed1_060_intent,jev,False,intent,0.3816996091045439,0.3815967049449682,0.3816474061459303,5.070120096206665e-05,3722,269,1353,76,,200,,jev-1.13.0,5.6826e-05,5.6826e-05
jev_seed1_060_motor,jev,False,motor,0.5219104650896043,0.5217851060442626,0.5218347909394652,4.968489520251751e-05,8935,557,2618,144,,200,,jev-1.13.0,0.000109956,0.000109956
jev_seed1_061_intent,jev,False,intent,0.8895718159619719,0.8894671108573675,0.8895181359257549,5.102506838738918e-05,3720,269,1351,76,,200,,jev-1.13.0,5.674200000000001e-05,5.674200000000001e-05
jev_seed1_061_motor,jev,False,motor,0.47974002989940345,0.4795490778051317,0.4796295028645545,8.042505942285061e-05,8931,561,2616,144,,200,,jev-1.13.0,0.000109872,0.000109872
jev_seed1_062_intent,jev,False,intent,0.3616071289870888,0.3615024760365486,0.3615538398735225,5.136383697390556e-05,3724,269,1355,76,,200,,jev-1.13.0,5.691e-05,5.691e-05
jev_seed1_062_motor,jev,False,motor,0.4798111580312252,0.47968493099324405,0.4797361090313643,5.1178038120269775e-05,8937,561,2622,144,,200,,jev-1.13.0,0.000110124,0.000110124
jev_seed1_063_intent,jev,False,intent,0.35549561004154384,0.3553923110011965,0.35544255399145186,5.0242990255355835e-05,3724,270,1355,76,,200,,jev-1.13.0,5.691e-05,5.691e-05
jev_seed1_063_motor,jev,False,motor,0.4718320539686829,0.47170482110232115,0.4717567840125412,5.196291022002697e-05,8937,555,2622,144,,200,,jev-1.13.0,0.000110124,0.000110124
jev_seed1_064_intent,jev,False,intent,0.3305831861216575,0.3304210070054978,0.33049629419110715,7.528718560934067e-05,3724,270,1355,76,,200,,jev-1.13.0,5.691e-05,5.691e-05
jev_seed1_064_motor,jev,False,motor,0.5972482438664883,0.597123856889084,0.5971735608763993,4.970398731529713e-05,8937,557,2622,144,,200,,jev-1.13.0,0.000110124,0.000110124
jev_seed1_065_intent,jev,False,intent,0.3929352799896151,0.39283289294689894,0.39288299600593746,5.010305903851986e-05,3723,269,1354,76,,200,,jev-1.13.0,5.6868000000000005e-05,5.6868000000000005e-05
jev_seed1_065_motor,jev,False,motor,0.8521006240043789,0.8519740521442145,0.8520243021193892,5.024997517466545e-05,8936,556,2621,144,,200,,jev-1.13.0,0.00011008200000000001,0.00011008200000000001
jev_seed1_066_intent,jev,False,intent,0.3783565799240023,0.3782541030086577,0.3783032239880413,4.912097938358784e-05,3723,269,1354,76,,200,,jev-1.13.0,5.6868000000000005e-05,5.6868000000000005e-05
jev_seed1_066_motor,jev,False,motor,0.6290121739730239,0.6288861879147589,0.6289368339348584,5.064602009952068e-05,8935,556,2620,144,,200,,jev-1.13.0,0.00011004000000000001,0.00011004000000000001
jev_seed1_067_intent,jev,False,intent,0.47787718405015767,0.47777541587129235,0.47782508889213204,4.967302083969116e-05,3723,270,1354,76,,200,,jev-1.13.0,5.6868000000000005e-05,5.6868000000000005e-05
jev_seed1_067_motor,jev,False,motor,0.46714820992201567,0.46702358103357255,0.4670737481210381,5.0167087465524673e-05,8935,556,2620,144,,200,,jev-1.13.0,0.00011004000000000001,0.00011004000000000001
jev_seed1_068_intent,jev,False,intent,0.4437000071629882,0.44353399612009525,0.44361715600825846,8.315988816320896e-05,3723,284,1354,76,,200,,jev-1.13.0,5.6868000000000005e-05,5.6868000000000005e-05
jev_seed1_068_motor,jev,False,motor,0.568223041947931,0.568030740134418,0.5681112150195986,8.047488518059254e-05,8935,557,2620,144,,200,,jev-1.13.0,0.00011004000000000001,0.00011004000000000001
jev_seed1_069_intent,jev,False,intent,0.3575338879600167,0.3574306929949671,0.3574812018778175,5.0508882850408554e-05,3726,270,1357,76,,200,,jev-1.13.0,5.6994000000000004e-05,5.6994000000000004e-05
jev_seed1_069_motor,jev,False,motor,0.44140547094866633,0.44127700105309486,0.44132866989821196,5.166884511709213e-05,8940,557,2625,144,,200,,jev-1.13.0,0.00011025,0.00011025
jev_seed1_070_intent,jev,False,intent,0.3735291420016438,0.3734245679806918,0.37347415392287076,4.9585942178964615e-05,3725,270,1356,76,,200,,jev-1.13.0,5.6952000000000006e-05,5.6952000000000006e-05
jev_seed1_070_motor,jev,False,motor,0.4329963799100369,0.43287060991860926,0.43292071390897036,5.0103990361094475e-05,8939,556,2624,144,,200,,jev-1.13.0,0.00011020800000000001,0.00011020800000000001
jev_seed1_071_intent,jev,False,intent,0.33858850598335266,0.3384871520102024,0.33853564807213843,4.849606193602085e-05,3726,270,1357,76,,200,,jev-1.13.0,5.6994000000000004e-05,5.6994000000000004e-05
jev_seed1_071_motor,jev,False,motor,0.4673254091758281,0.46719612600281835,0.4672490630764514,5.293707363307476e-05,8940,557,2625,144,,200,,jev-1.13.0,0.00011025,0.00011025
jev_seed1_072_intent,jev,False,intent,0.3899654559791088,0.3898601031396538,0.38991089700721204,5.079386755824089e-05,3726,284,1357,76,,200,,jev-1.13.0,5.6994000000000004e-05,5.6994000000000004e-05
jev_seed1_072_motor,jev,False,motor,0.4797192371916026,0.4795915652066469,0.4796428601257503,5.129491910338402e-05,8940,557,2625,144,,200,,jev-1.13.0,0.00011025,0.00011025
jev_seed1_073_intent,jev,False,intent,0.34202984208241105,0.34192600497044623,0.3419756880030036,4.968303255736828e-05,3726,270,1357,76,,200,,jev-1.13.0,5.6994000000000004e-05,5.6994000000000004e-05
jev_seed1_073_motor,jev,False,motor,0.5513187618926167,0.5511936978437006,0.5512425159104168,4.881806671619415e-05,8940,569,2625,144,,200,,jev-1.13.0,0.00011025,0.00011025
jev_seed1_074_intent,jev,False,intent,0.32293763011693954,0.3228321319911629,0.32288328697904944,5.115498788654804e-05,3726,269,1357,76,,200,,jev-1.13.0,5.6994000000000004e-05,5.6994000000000004e-05
jev_seed1_074_motor,jev,False,motor,0.46848263312131166,0.4682901070918888,0.4683712359983474,8.112890645861626e-05,8940,554,2625,144,,200,,jev-1.13.0,0.00011025,0.00011025
jev_seed1_075_intent,jev,False,intent,0.367278286954388,0.36710691591724753,0.36719401087611914,8.709495887160301e-05,3726,268,1356,76,,200,,jev-1.13.0,5.6952000000000006e-05,5.6952000000000006e-05
jev_seed1_075_motor,jev,False,motor,0.4369127550162375,0.43671742593869567,0.4368004440329969,8.301809430122375e-05,8936,553,2624,144,,200,,jev-1.13.0,0.00011020800000000001,0.00011020800000000001
jev_seed1_076_intent,jev,False,intent,0.3405773921404034,0.34047250798903406,0.340521969133988,4.946114495396614e-05,3725,283,1357,76,,200,,jev-1.13.0,5.6994000000000004e-05,5.6994000000000004e-05
jev_seed1_076_motor,jev,False,motor,0.4213472430128604,0.4212211570702493,0.42127034720033407,4.9190130084753036e-05,8939,557,2625,144,,200,,jev-1.13.0,0.00011025,0.00011025
jev_seed1_077_intent,jev,False,intent,0.71012475900352,0.7100239598657936,0.7100719208829105,4.796101711690426e-05,3726,270,1357,76,,200,,jev-1.13.0,5.6994000000000004e-05,5.6994000000000004e-05
jev_seed1_077_motor,jev,False,motor,0.6640824659261853,0.6639459771104157,0.6639967749360949,5.0797825679183006e-05,8940,557,2625,144,,200,,jev-1.13.0,0.00011025,0.00011025
jev_seed1_078_intent,jev,False,intent,0.32190664601512253,0.3218032449949533,0.3218538979999721,5.06530050188303e-05,3725,268,1356,76,,200,,jev-1.13.0,5.6952000000000006e-05,5.6952000000000006e-05
jev_seed1_078_motor,jev,False,motor,0.3936309549026191,0.39350417884998024,0.3935551887843758,5.100993439555168e-05,8938,555,2623,144,,200,,jev-1.13.0,0.00011016600000000002,0.00011016600000000002
jev_seed1_079_intent,jev,False,intent,0.32980887801386416,0.3297065878286958,0.3297556350007653,4.904717206954956e-05,3725,269,1356,76,,200,,jev-1.13.0,5.6952000000000006e-05,5.6952000000000006e-05
jev_seed1_079_motor,jev,False,motor,0.8694086680188775,0.8691724250093102,0.8692724059801549,9.998097084462643e-05,8938,553,2623,144,,200,,jev-1.13.0,0.00011016600000000002,0.00011016600000000002
jev_seed1_080_intent,jev,False,intent,0.3080659930128604,0.30796318501234055,0.30801371904090047,5.053402855992317e-05,3724,269,1355,76,,200,,jev-1.13.0,5.691e-05,5.691e-05
jev_seed1_080_motor,jev,False,motor,0.3909718671347946,0.3908192780800164,0.3908850981388241,6.582005880773067e-05,8937,556,2622,144,,200,,jev-1.13.0,0.000110124,0.000110124
jev_seed1_081_intent,jev,False,intent,0.3108308929949999,0.3107180339284241,0.31077224505133927,5.4211122915148735e-05,3725,270,1356,76,,200,,jev-1.13.0,5.6952000000000006e-05,5.6952000000000006e-05
jev_seed1_081_motor,jev,False,motor,0.4692877179477364,0.46916213002987206,0.4692110689356923,4.893890582025051e-05,8938,561,2623,144,,200,,jev-1.13.0,0.00011016600000000002,0.00011016600000000002
jev_seed1_082_intent,jev,False,intent,0.33059589890763164,0.33051667199470103,0.3305570208467543,4.0348852053284645e-05,3724,271,1356,76,,200,,jev-1.13.0,5.6952000000000006e-05,5.6952000000000006e-05
jev_seed1_082_motor,jev,False,motor,0.4536025219131261,0.4534102741163224,0.45349045214243233,8.017802610993385e-05,8937,561,2620,144,,200,,jev-1.13.0,0.00011004000000000001,0.00011004000000000001
jev_seed1_083_intent,jev,False,intent,0.30365233519114554,0.30346728418953717,0.3035617461428046,9.44619532674551e-05,3725,271,1356,76,,200,,jev-1.13.0,5.6952000000000006e-05,5.6952000000000006e-05
jev_seed1_083_motor,jev,False,motor,0.43927664286457,0.43913001590408385,0.43919460801407695,6.459210999310017e-05,8938,561,2620,144,,200,,jev-1.13.0,0.00011004000000000001,0.00011004000000000001
jev_seed1_084_intent,jev,False,intent,0.7418486119713634,0.7417472400702536,0.7417960870079696,4.884693771600723e-05,3724,270,1355,76,,200,,jev-1.13.0,5.691e-05,5.691e-05
jev_seed1_084_motor,jev,False,motor,0.4347030851058662,0.43457772117108107,0.43462619418278337,4.847301170229912e-05,8936,573,2618,144,,200,,jev-1.13.0,0.000109956,0.000109956
jev_seed1_085_intent,jev,False,intent,0.44490954908542335,0.4447985519655049,0.4448541640304029,5.561206489801407e-05,3722,270,1353,76,,200,,jev-1.13.0,5.6826e-05,5.6826e-05
jev_seed1_085_motor,jev,False,motor,0.45229300996288657,0.45218663685955107,0.452235623029992,4.898617044091225e-05,8934,564,2616,144,,200,,jev-1.13.0,0.000109872,0.000109872
jev_seed1_086_intent,jev,False,intent,0.3501613140106201,0.35007476597093046,0.3501183281186968,4.35621477663517e-05,3723,270,1354,76,,200,,jev-1.13.0,5.6868000000000005e-05,5.6868000000000005e-05
jev_seed1_086_motor,jev,False,motor,0.5159959890879691,0.5158612099476159,0.5159164411015809,5.523115396499634e-05,8935,560,2617,144,,200,,jev-1.13.0,0.000109914,0.000109914
jev_seed1_087_intent,jev,False,intent,0.3227620180696249,0.32268582889810205,0.3227241490967572,3.832019865512848e-05,3720,270,1351,76,,200,,jev-1.13.0,5.674200000000001e-05,5.674200000000001e-05
jev_seed1_087_motor,jev,False,motor,0.42728912783786654,0.4271640139631927,0.42721364088356495,4.9626920372247696e-05,8930,553,2612,144,,200,,jev-1.13.0,0.000109704,0.000109704
jev_seed1_088_intent,jev,False,intent,0.34640143089927733,0.34626833093352616,0.3463349200319499,6.65890984237194e-05,3720,270,1351,76,,200,,jev-1.13.0,5.674200000000001e-05,5.674200000000001e-05
jev_seed1_088_motor,jev,False,motor,0.44474342092871666,0.4446189559530467,0.44466817402280867,4.92180697619915e-05,8930,560,2612,144,,200,,jev-1.13.0,0.000109704,0.000109704
jev_seed1_089_intent,jev,False,intent,0.3377109249122441,0.33761511906050146,0.33766325702890754,4.81379684060812e-05,3720,270,1351,76,,200,,jev-1.13.0,5.674200000000001e-05,5.674200000000001e-05
jev_seed1_089_motor,jev,False,motor,0.49754150910302997,0.4974529040046036,0.4974919359665364,3.903196193277836e-05,8930,554,2612,144,,200,,jev-1.13.0,0.000109704,0.000109704
jev_seed1_090_intent,jev,False,intent,0.4446577960625291,0.44455571100115776,0.4446052508428693,4.953984171152115e-05,3719,270,1350,76,,200,,jev-1.13.0,5.67e-05,5.67e-05
jev_seed1_090_motor,jev,False,motor,0.46615845896303654,0.4660329599864781,0.46609187102876604,5.891104228794575e-05,8929,553,2611,144,,200,,jev-1.13.0,0.00010966200000000001,0.00010966200000000001
jev_seed1_091_intent,jev,False,intent,0.7609485050197691,0.7608490469865501,0.7608979339711368,4.88869845867157e-05,3720,270,1351,76,,200,,jev-1.13.0,5.674200000000001e-05,5.674200000000001e-05
jev_seed1_091_motor,jev,False,motor,0.5719624219927937,0.5718367011286318,0.5718869550619274,5.025393329560757e-05,8930,556,2612,144,,200,,jev-1.13.0,0.000109704,0.000109704
jev_seed1_092_intent,jev,False,intent,0.3558369029778987,0.355683189118281,0.35576053708791733,7.734796963632107e-05,3719,270,1350,76,,200,,jev-1.13.0,5.67e-05,5.67e-05
jev_seed1_092_motor,jev,False,motor,0.47483670292422175,0.4745804879348725,0.47469146782532334,0.00011097989045083523,8928,564,2610,144,,200,,jev-1.13.0,0.00010962000000000001,0.00010962000000000001
jev_seed1_093_intent,jev,False,intent,0.3985859870444983,0.3984240749850869,0.3985056160017848,8.15410166978836e-05,3719,270,1350,76,,200,,jev-1.13.0,5.67e-05,5.67e-05
jev_seed1_093_motor,jev,False,motor,0.4665930678602308,0.46646829787641764,0.4665181888267398,4.9890950322151184e-05,8928,571,2610,144,,200,,jev-1.13.0,0.00010962000000000001,0.00010962000000000001
jev_seed1_094_intent,jev,False,intent,0.4150661409366876,0.4149550199508667,0.4150093109346926,5.429098382592201e-05,3719,270,1350,76,,200,,jev-1.13.0,5.67e-05,5.67e-05
jev_seed1_094_motor,jev,False,motor,1.0293482530396432,1.0291839130222797,1.0292511729057878,6.72598835080862e-05,8928,555,2610,144,,200,,jev-1.13.0,0.00010962000000000001,0.00010962000000000001
jev_seed1_095_intent,jev,False,intent,0.5086663279216737,0.5085638929158449,0.508613923098892,5.00301830470562e-05,3718,270,1349,76,,200,,jev-1.13.0,5.6658e-05,5.6658e-05
jev_seed1_095_motor,jev,False,motor,0.48285775212571025,0.4826839370653033,0.4827573481015861,7.341103628277779e-05,8927,556,2609,144,,200,,jev-1.13.0,0.000109578,0.000109578
jev_seed1_096_intent,jev,False,intent,0.6260539840441197,0.6259354050271213,0.6259992909617722,6.388593465089798e-05,3718,271,1350,76,,200,,jev-1.13.0,5.67e-05,5.67e-05
jev_seed1_096_motor,jev,False,motor,0.49479687097482383,0.49467536294832826,0.49472333397716284,4.7971028834581375e-05,8935,551,2610,144,,200,,jev-1.13.0,0.00010962000000000001,0.00010962000000000001
jev_seed1_097_intent,jev,False,intent,0.3612517670262605,0.36114856507629156,0.3611982250586152,4.9659982323646545e-05,3704,273,1343,76,,200,,jev-1.13.0,5.640600000000001e-05,5.640600000000001e-05
jev_seed1_097_motor,jev,False,motor,0.45370918209664524,0.45355038600973785,0.453618124127388,6.773811765015125e-05,8926,569,2613,144,,200,,jev-1.13.0,0.000109746,0.000109746
jev_seed1_098_intent,jev,False,intent,0.3503820381592959,0.3502028021030128,0.3502920710016042,8.926889859139919e-05,3707,272,1345,76,,200,,jev-1.13.0,5.649e-05,5.649e-05
jev_seed1_098_motor,jev,False,motor,0.48702490283176303,0.4867193689569831,0.48684765701182187,0.0001282880548387766,8931,556,2616,144,,200,,jev-1.13.0,0.000109872,0.000109872
jev_seed1_099_intent,jev,False,intent,0.36918652802705765,0.3690609640907496,0.3691264980006963,6.553390994668007e-05,3710,273,1348,76,,200,,jev-1.13.0,5.661600000000001e-05,5.661600000000001e-05
jev_seed1_099_motor,jev,False,motor,0.44752027397044003,0.44739755406044424,0.4474481369834393,5.0582922995090485e-05,8935,556,2619,144,,200,,jev-1.13.0,0.000109998,0.000109998
jev_seed1_100_intent,jev,False,intent,0.3033951069228351,0.30328874685801566,0.3033414469100535,5.270005203783512e-05,3710,272,1348,76,,200,,jev-1.13.0,5.661600000000001e-05,5.661600000000001e-05
jev_seed1_100_motor,jev,False,motor,0.45856447890400887,0.458414166001603,0.45847904100082815,6.487499922513962e-05,8936,557,2619,144,,200,,jev-1.13.0,0.000109998,0.000109998
jev_seed1_101_intent,jev,False,intent,0.312898141797632,0.31281614885665476,0.3128574818838388,4.133302718400955e-05,3712,272,1350,76,,200,,jev-1.13.0,5.67e-05,5.67e-05
jev_seed1_101_motor,jev,False,motor,0.6915865449700505,0.6914772388990968,0.691528026945889,5.0788046792149544e-05,8939,554,2622,144,,200,,jev-1.13.0,0.000110124,0.000110124
jev_seed1_102_intent,jev,False,intent,0.35759221902117133,0.3574919570237398,0.3575408000033349,4.884297959506512e-05,3713,272,1351,76,,200,,jev-1.13.0,5.674200000000001e-05,5.674200000000001e-05
jev_seed1_102_motor,jev,False,motor,0.4494729680009186,0.4492606739513576,0.44935221201740205,9.15380660444498e-05,8941,568,2623,144,,200,,jev-1.13.0,0.00011016600000000002,0.00011016600000000002
jev_seed1_103_intent,jev,False,intent,0.3695725458674133,0.3694008570164442,0.36949270498007536,9.18479636311531e-05,3712,272,1350,76,,200,,jev-1.13.0,5.67e-05,5.67e-05
jev_seed1_103_motor,jev,False,motor,0.5143508731853217,0.5142475860193372,0.5142933509778231,4.576495848596096e-05,8940,554,2622,144,,200,,jev-1.13.0,0.000110124,0.000110124
jev_seed1_104_intent,jev,False,intent,0.6058283729944378,0.6057059119921178,0.6057677969802171,6.188498809933662e-05,3715,272,1353,76,,200,,jev-1.13.0,5.6826e-05,5.6826e-05
jev_seed1_104_motor,jev,False,motor,0.46297479094937444,0.46269241999834776,0.46280968096107244,0.00011726096272468567,8944,555,2626,144,,200,,jev-1.13.0,0.00011029200000000001,0.00011029200000000001
jev_seed2_000_intent,jev,False,intent,0.6973091280087829,0.697052595904097,0.6971816949080676,0.00012909900397062302,3708,269,1355,78,,200,,jev-1.13.0,5.691e-05,5.691e-05
jev_seed2_000_motor,jev,False,motor,0.43848811904899776,0.438307445961982,0.4383848251309246,7.737916894257069e-05,8943,573,2634,144,,200,,jev-1.13.0,0.000110628,0.000110628
jev_seed2_001_intent,jev,False,intent,0.7542370250448585,0.7540769651532173,0.7541584039572626,8.143880404531956e-05,3725,270,1362,78,,200,,jev-1.13.0,5.7204e-05,5.7204e-05
jev_seed2_001_motor,jev,False,motor,0.8115118460264057,0.8113880709279329,0.8114373369608074,4.92660328745842e-05,8960,561,2641,144,,200,,jev-1.13.0,0.000110922,0.000110922
jev_seed2_002_intent,jev,False,intent,0.344169566873461,0.34406870300881565,0.3441176889464259,4.898593761026859e-05,3724,270,1361,78,,200,,jev-1.13.0,5.7162000000000006e-05,5.7162000000000006e-05
jev_seed2_002_motor,jev,False,motor,0.46806466905400157,0.46794020594097674,0.4679891890846193,4.8983143642544746e-05,8958,561,2639,144,,200,,jev-1.13.0,0.00011083800000000001,0.00011083800000000001
jev_seed2_003_intent,jev,False,intent,0.44252072484232485,0.44242148101329803,0.44247289397753775,5.141296423971653e-05,3724,270,1361,78,,200,,jev-1.13.0,5.7162000000000006e-05,5.7162000000000006e-05
jev_seed2_003_motor,jev,False,motor,0.4436517951544374,0.44355467008426785,0.4435976000968367,4.2930012568831444e-05,8958,574,2639,144,,200,,jev-1.13.0,0.00011083800000000001,0.00011083800000000001
jev_seed2_004_intent,jev,False,intent,0.3432082070503384,0.34293496794998646,0.34307270403951406,0.00013773608952760696,3722,270,1359,78,,200,,jev-1.13.0,5.7078000000000005e-05,5.7078000000000005e-05
jev_seed2_004_motor,jev,False,motor,0.48576327017508447,0.48562526796013117,0.48568609706126153,6.0829101130366325e-05,8955,559,2636,144,,200,,jev-1.13.0,0.000110712,0.000110712
jev_seed2_005_intent,jev,False,intent,0.38106412906199694,0.3809555899351835,0.38100989907979965,5.4309144616127014e-05,3719,272,1356,78,,200,,jev-1.13.0,5.6952000000000006e-05,5.6952000000000006e-05
jev_seed2_005_motor,jev,False,motor,0.4745495771057904,0.4744270860683173,0.47447625710628927,4.917103797197342e-05,8951,560,2632,144,,200,,jev-1.13.0,0.00011054400000000002,0.00011054400000000002
jev_seed2_006_intent,jev,False,intent,0.32244180678389966,0.32233953499235213,0.32238963595591486,5.0100963562726974e-05,3720,272,1357,78,,200,,jev-1.13.0,5.6994000000000004e-05,5.6994000000000004e-05
jev_seed2_006_motor,jev,False,motor,0.8509504541289061,0.8507767249830067,0.8508507490623742,7.402407936751842e-05,8952,559,2633,144,,200,,jev-1.13.0,0.00011058600000000001,0.00011058600000000001
jev_seed2_007_intent,jev,False,intent,0.3740597399882972,0.3739524590782821,0.3740054441150278,5.298503674566746e-05,3720,270,1357,78,,200,,jev-1.13.0,5.6994000000000004e-05,5.6994000000000004e-05
jev_seed2_007_motor,jev,False,motor,0.46526171010918915,0.4651329009793699,0.46518627903424203,5.337805487215519e-05,8952,561,2633,144,,200,,jev-1.13.0,0.00011058600000000001,0.00011058600000000001
jev_seed2_008_intent,jev,False,intent,0.3302049650810659,0.3299632500857115,0.33008532505482435,0.00012207496911287308,3720,272,1357,78,,200,,jev-1.13.0,5.6994000000000004e-05,5.6994000000000004e-05
jev_seed2_008_motor,jev,False,motor,0.4719929189886898,0.47186962398700416,0.47192522208206356,5.5598095059394836e-05,8952,556,2633,144,,200,,jev-1.13.0,0.00011058600000000001,0.00011058600000000001
jev_seed2_009_intent,jev,False,intent,0.3832695160526782,0.38313693297095597,0.3832034619990736,6.652902811765671e-05,3718,272,1355,78,,200,,jev-1.13.0,5.691e-05,5.691e-05
jev_seed2_009_motor,jev,False,motor,0.7978607849217951,0.7975213250610977,0.7976640600245446,0.00014273496344685555,8949,560,2631,144,,200,,jev-1.13.0,0.00011050200000000001,0.00011050200000000001
jev_seed2_010_intent,jev,False,intent,0.34425725718028843,0.3441433080006391,0.34419992403127253,5.6616030633449554e-05,3717,272,1354,78,,200,,jev-1.13.0,5.6868000000000005e-05,5.6868000000000005e-05
jev_seed2_010_motor,jev,False,motor,0.4229452549479902,0.4228205007966608,0.4228698289953172,4.932819865643978e-05,8948,560,2630,144,,200,,jev-1.13.0,0.00011046000000000001,0.00011046000000000001
jev_seed2_011_intent,jev,False,intent,0.35076852701604366,0.35066601005382836,0.35071517108008265,4.91610262542963e-05,3718,272,1355,78,,200,,jev-1.13.0,5.691e-05,5.691e-05
jev_seed2_011_motor,jev,False,motor,0.5443806909024715,0.5442572350148112,0.5443065469153225,4.931190051138401e-05,8949,560,2631,144,,200,,jev-1.13.0,0.00011050200000000001,0.00011050200000000001
jev_seed2_012_intent,jev,False,intent,0.3808207018300891,0.38071924983523786,0.3807696618605405,5.0412025302648544e-05,3719,272,1355,78,,200,,jev-1.13.0,5.691e-05,5.691e-05
jev_seed2_012_motor,jev,False,motor,0.5813993799965829,0.5812669149599969,0.5813238329719752,5.691801197826862e-05,8950,560,2631,144,,200,,jev-1.13.0,0.00011050200000000001,0.00011050200000000001
jev_seed2_013_intent,jev,False,intent,0.5779470391571522,0.5778445650357753,0.577894541202113,4.99761663377285e-05,3721,272,1357,78,,200,,jev-1.13.0,5.6994000000000004e-05,5.6994000000000004e-05
jev_seed2_013_motor,jev,False,motor,0.46928780898451805,0.46916424203664064,0.46921354602091014,4.930398426949978e-05,8953,559,2633,144,,200,,jev-1.13.0,0.00011058600000000001,0.00011058600000000001
jev_seed2_014_intent,jev,False,intent,0.37331180390901864,0.37320723105221987,0.3732578039634973,5.057291127741337e-05,3720,273,1356,78,,200,,jev-1.13.0,5.6952000000000006e-05,5.6952000000000006e-05
jev_seed2_014_motor,jev,False,motor,0.42965269391424954,0.4293461409397423,0.42947072302922606,0.00012458208948373795,8951,569,2631,144,,200,,jev-1.13.0,0.00011050200000000001,0.00011050200000000001
jev_seed2_015_intent,jev,False,intent,0.46211387077346444,0.4619462869595736,0.4620308089070022,8.45219474285841e-05,3715,272,1351,78,,200,,jev-1.13.0,5.674200000000001e-05,5.674200000000001e-05
jev_seed2_015_motor,jev,False,motor,0.5079024650622159,0.5077139551285654,0.5077950609847903,8.110585622489452e-05,8944,560,2625,144,,200,,jev-1.13.0,0.00011025,0.00011025
jev_seed2_016_intent,jev,False,intent,0.4922248129732907,0.4921438761521131,0.4921854170970619,4.154094494879246e-05,3716,272,1352,78,,200,,jev-1.13.0,5.6784000000000004e-05,5.6784000000000004e-05
jev_seed2_016_motor,jev,False,motor,0.48423851700499654,0.4840911729261279,0.48415642604231834,6.52531161904335e-05,8945,559,2626,144,,200,,jev-1.13.0,0.00011029200000000001,0.00011029200000000001
jev_seed2_017_intent,jev,False,intent,0.4224767929408699,0.42231712699867785,0.4223971769679338,8.004996925592422e-05,3715,272,1351,78,,200,,jev-1.13.0,5.674200000000001e-05,5.674200000000001e-05
jev_seed2_017_motor,jev,False,motor,0.699393895920366,0.6992699089460075,0.6993191798683256,4.927092231810093e-05,8943,559,2624,144,,200,,jev-1.13.0,0.00011020800000000001,0.00011020800000000001
jev_seed2_018_intent,jev,False,intent,0.44859615596942604,0.44851096998900175,0.44855484808795154,4.387809894979e-05,3717,273,1353,78,,200,,jev-1.13.0,5.6826e-05,5.6826e-05
jev_seed2_018_motor,jev,False,motor,0.4877076840493828,0.48739593499340117,0.4875255939550698,0.00012965896166861057,8946,559,2626,144,,200,,jev-1.13.0,0.00011029200000000001,0.00011029200000000001
jev_seed2_019_intent,jev,False,intent,0.6679400929715484,0.6677759520243853,0.6678603098262101,8.435780182480812e-05,3717,273,1353,78,,200,,jev-1.13.0,5.6826e-05,5.6826e-05
jev_seed2_019_motor,jev,False,motor,0.5757638660725206,0.5756286000832915,0.5756863988935947,5.779881030321121e-05,8946,559,2626,144,,200,,jev-1.13.0,0.00011029200000000001,0.00011029200000000001
jev_seed2_020_intent,jev,False,intent,0.3032150350045413,0.3030923870392144,0.30315455002710223,6.216298788785934e-05,3714,272,1350,78,,200,,jev-1.13.0,5.67e-05,5.67e-05
jev_seed2_020_motor,jev,False,motor,0.3985435750801116,0.3983929071109742,0.39845690014772117,6.399303674697876e-05,8942,560,2623,144,,200,,jev-1.13.0,0.00011016600000000002,0.00011016600000000002
jev_seed2_021_intent,jev,False,intent,0.3827865971252322,0.382709878962487,0.3827487169764936,3.8838014006614685e-05,3714,273,1351,78,,200,,jev-1.13.0,5.674200000000001e-05,5.674200000000001e-05
jev_seed2_021_motor,jev,False,motor,0.8083849051035941,0.8082809639163315,0.8083273221272975,4.635821096599102e-05,8941,556,2623,144,,200,,jev-1.13.0,0.00011016600000000002,0.00011016600000000002
jev_seed2_022_intent,jev,False,intent,0.7698519311379641,0.7697381861507893,0.7697961002122611,5.791406147181988e-05,3714,272,1351,78,,200,,jev-1.13.0,5.674200000000001e-05,5.674200000000001e-05
jev_seed2_022_motor,jev,False,motor,0.44556890800595284,0.4452650169841945,0.44539550691843033,0.00013048993423581123,8941,561,2623,144,,200,,jev-1.13.0,0.00011016600000000002,0.00011016600000000002
jev_seed2_023_intent,jev,False,intent,0.309462727047503,0.30921297590248287,0.3093355798628181,0.00012260396033525467,3713,273,1349,78,,200,,jev-1.13.0,5.6658e-05,5.6658e-05
jev_seed2_023_motor,jev,False,motor,0.45751111418940127,0.45739958714693785,0.45745092001743615,5.13328704982996e-05,8939,555,2620,144,,200,,jev-1.13.0,0.00011004000000000001,0.00011004000000000001
jev_seed2_024_intent,jev,False,intent,0.35934141790494323,0.35924597294069827,0.3592944040428847,4.843110218644142e-05,3713,273,1349,78,,200,,jev-1.13.0,5.6658e-05,5.6658e-05
jev_seed2_024_motor,jev,False,motor,0.5219916009809822,0.5217511339578778,0.521854427177459,0.00010329321958124638,8939,555,2620,144,,200,,jev-1.13.0,0.00011004000000000001,0.00011004000000000001
jev_seed2_025_intent,jev,False,intent,0.3889315049163997,0.38883312209509313,0.38888318999670446,5.0067901611328125e-05,3712,273,1348,78,,200,,jev-1.13.0,5.661600000000001e-05,5.661600000000001e-05
jev_seed2_025_motor,jev,False,motor,0.4699438810348511,0.46970554697327316,0.4698089559096843,0.00010340893641114235,8938,562,2619,144,,200,,jev-1.13.0,0.000109998,0.000109998
jev_seed2_026_intent,jev,False,intent,0.3504483930300921,0.35034274705685675,0.35039602406322956,5.327700637280941e-05,3713,273,1349,78,,200,,jev-1.13.0,5.6658e-05,5.6658e-05
jev_seed2_026_motor,jev,False,motor,0.559800072805956,0.5596894368063658,0.55973577988334,4.634307697415352e-05,8939,556,2620,144,,200,,jev-1.13.0,0.00011004000000000001,0.00011004000000000001
jev_seed2_027_intent,jev,False,intent,0.4141349580604583,0.41403497802093625,0.41408357210457325,4.859408363699913e-05,3714,272,1350,78,,200,,jev-1.13.0,5.67e-05,5.67e-05
jev_seed2_027_motor,jev,False,motor,0.41560517298057675,0.4154968250077218,0.41554500884376466,4.818383604288101e-05,8941,555,2622,144,,200,,jev-1.13.0,0.000110124,0.000110124
jev_seed2_028_intent,jev,False,intent,1.334229291183874,1.334133692085743,1.3341821131762117,4.8421090468764305e-05,3714,273,1350,78,,200,,jev-1.13.0,5.67e-05,5.67e-05
jev_seed2_028_motor,jev,False,motor,0.3991854269988835,0.39908455312252045,0.39912878698669374,4.4233864173293114e-05,8941,558,2622,144,,200,,jev-1.13.0,0.000110124,0.000110124
jev_seed2_029_intent,jev,False,intent,0.5824037259444594,0.5823009849991649,0.582349601900205,4.861690104007721e-05,3714,272,1350,78,,200,,jev-1.13.0,5.67e-05,5.67e-05
jev_seed2_029_motor,jev,False,motor,0.39448546688072383,0.39438343490473926,0.3944316687993705,4.8233894631266594e-05,8941,556,2622,144,,200,,jev-1.13.0,0.000110124,0.000110124
jev_seed2_030_intent,jev,False,intent,0.33523975405842066,0.3350161190610379,0.3351278230547905,0.00011170399375259876,3712,269,1349,77,,200,,jev-1.13.0,5.6658e-05,5.6658e-05
jev_seed2_030_motor,jev,False,motor,0.4524941900745034,0.452348604099825,0.45241287001408637,6.42659142613411e-05,8927,553,2617,144,,200,,jev-1.13.0,0.000109914,0.000109914
jev_seed2_031_intent,jev,False,intent,0.36197192897088826,0.3618717568460852,0.36192153696902096,4.978012293577194e-05,3726,266,1356,77,,200,,jev-1.13.0,5.6952000000000006e-05,5.6952000000000006e-05
jev_seed2_031_motor,jev,False,motor,0.4735985610168427,0.4733860900159925,0.4734787561465055,9.26661305129528e-05,8941,550,2624,144,,200,,jev-1.13.0,0.00011020800000000001,0.00011020800000000001
jev_seed2_032_intent,jev,False,intent,0.4531680569052696,0.4530256788711995,0.45310003496706486,7.435609586536884e-05,3724,265,1355,76,,200,,jev-1.13.0,5.691e-05,5.691e-05
jev_seed2_032_motor,jev,False,motor,0.7631537320557982,0.7630297380965203,0.7630799820180982,5.024392157793045e-05,8934,553,2622,144,,200,,jev-1.13.0,0.000110124,0.000110124
jev_seed2_033_intent,jev,False,intent,0.38357967510819435,0.38346789311617613,0.38351833913475275,5.044601857662201e-05,3722,269,1354,76,,200,,jev-1.13.0,5.6868000000000005e-05,5.6868000000000005e-05
jev_seed2_033_motor,jev,False,motor,0.6273642890155315,0.6272404280025512,0.6272918458562344,5.141785368323326e-05,8931,549,2620,144,,200,,jev-1.13.0,0.00011004000000000001,0.00011004000000000001
jev_seed2_034_intent,jev,False,intent,0.48118334310129285,0.48109871009364724,0.48114291415549815,4.420406185090542e-05,3722,268,1354,76,,200,,jev-1.13.0,5.6868000000000005e-05,5.6868000000000005e-05
jev_seed2_034_motor,jev,False,motor,0.5808764030225575,0.5806780310813338,0.5807636280078441,8.559692651033401e-05,8931,554,2620,144,,200,,jev-1.13.0,0.00011004000000000001,0.00011004000000000001
jev_seed2_035_intent,jev,False,intent,0.4338586498051882,0.4337738489266485,0.43381731398403645,4.3465057387948036e-05,3724,265,1355,76,,200,,jev-1.13.0,5.691e-05,5.691e-05
jev_seed2_035_motor,jev,False,motor,0.5214204879011959,0.5212290100753307,0.5213203600142151,9.134993888437748e-05,8935,553,2622,144,,200,,jev-1.13.0,0.000110124,0.000110124
jev_seed2_036_intent,jev,False,intent,0.5087750551756471,0.5086080830078572,0.5086925611831248,8.447817526757717e-05,3725,265,1356,76,,200,,jev-1.13.0,5.6952000000000006e-05,5.6952000000000006e-05
jev_seed2_036_motor,jev,False,motor,0.49964092788286507,0.4995417860336602,0.49958772398531437,4.5937951654195786e-05,8936,553,2623,144,,200,,jev-1.13.0,0.00011016600000000002,0.00011016600000000002
jev_seed2_037_intent,jev,False,intent,0.7162387040443718,0.7161271460354328,0.7161867618560791,5.961582064628601e-05,3725,266,1356,76,,200,,jev-1.13.0,5.6952000000000006e-05,5.6952000000000006e-05
jev_seed2_037_motor,jev,False,motor,0.4287316019181162,0.42862178990617394,0.4286683548707515,4.6564964577555656e-05,8936,553,2623,144,,200,,jev-1.13.0,0.00011016600000000002,0.00011016600000000002
jev_seed2_038_intent,jev,False,intent,0.737407400039956,0.7371465251781046,0.7372761790174991,0.0001296538393944502,3725,266,1356,76,,200,,jev-1.13.0,5.6952000000000006e-05,5.6952000000000006e-05
jev_seed2_038_motor,jev,False,motor,0.5891041150316596,0.5889507778920233,0.5890187448821962,6.7966990172863e-05,8936,553,2623,144,,200,,jev-1.13.0,0.00011016600000000002,0.00011016600000000002
jev_seed2_039_intent,jev,False,intent,0.38183655007742345,0.3816992880310863,0.38176896097138524,6.967294029891491e-05,3728,265,1359,76,,200,,jev-1.13.0,5.7078000000000005e-05,5.7078000000000005e-05
jev_seed2_039_motor,jev,False,motor,0.4664644000586122,0.46633454808034003,0.4663903301116079,5.5782031267881393e-05,8941,555,2628,144,,200,,jev-1.13.0,0.000110376,0.000110376
jev_seed2_040_intent,jev,False,intent,0.45052568311803043,0.4504040200263262,0.4504660901147872,6.207008846104145e-05,3727,265,1358,76,,200,,jev-1.13.0,5.7036e-05,5.7036e-05
jev_seed2_040_motor,jev,False,motor,0.5439692419022322,0.5434769429266453,0.5436882509384304,0.00021130801178514957,8940,555,2627,144,,200,,jev-1.13.0,0.000110334,0.000110334
jev_seed2_041_intent,jev,False,intent,0.9067229069769382,0.9066176051273942,0.906666835071519,4.922994412481785e-05,3729,265,1360,76,,200,,jev-1.13.0,5.712e-05,5.712e-05
jev_seed2_041_motor,jev,False,motor,0.47317715315148234,0.4730563519988209,0.4731074362061918,5.1084207370877266e-05,8942,567,2629,144,,200,,jev-1.13.0,0.00011041800000000001,0.00011041800000000001
jev_seed2_042_intent,jev,False,intent,0.32247704500332475,0.32233838690444827,0.32240827684290707,6.988993845880032e-05,3730,268,1361,76,,200,,jev-1.13.0,5.7162000000000006e-05,5.7162000000000006e-05
jev_seed2_042_motor,jev,False,motor,0.43737476714886725,0.4372318750247359,0.43729651696048677,6.46419357508421e-05,8944,555,2631,144,,200,,jev-1.13.0,0.00011050200000000001,0.00011050200000000001
jev_seed2_043_intent,jev,False,intent,0.33798563200980425,0.3378455098718405,0.33790601091459394,6.050104275345802e-05,3730,268,1361,76,,200,,jev-1.13.0,5.7162000000000006e-05,5.7162000000000006e-05
jev_seed2_043_motor,jev,False,motor,0.42172262794338167,0.4216057388111949,0.4216552618891001,4.952307790517807e-05,8944,556,2631,144,,200,,jev-1.13.0,0.00011050200000000001,0.00011050200000000001
jev_seed2_044_intent,jev,False,intent,0.316458827117458,0.3162841200828552,0.31636858312413096,8.446304127573967e-05,3730,268,1361,76,,200,,jev-1.13.0,5.7162000000000006e-05,5.7162000000000006e-05
jev_seed2_044_motor,jev,False,motor,0.48577787005342543,0.4856823349837214,0.48572720494121313,4.4869957491755486e-05,8944,554,2631,144,,200,,jev-1.13.0,0.00011050200000000001,0.00011050200000000001
jev_seed2_045_intent,jev,False,intent,0.36118916096165776,0.3611061971168965,0.3611491459887475,4.294887185096741e-05,3729,268,1360,76,,200,,jev-1.13.0,5.712e-05,5.712e-05
jev_seed2_045_motor,jev,False,motor,0.575788568938151,0.5755003669764847,0.5756213639397174,0.00012099696323275566,8943,555,2630,144,,200,,jev-1.13.0,0.00011046000000000001,0.00011046000000000001
jev_seed2_046_intent,jev,False,intent,0.32330326712690294,0.3231116470415145,0.3232083171606064,9.66701190918684e-05,3730,268,1361,76,,200,,jev-1.13.0,5.7162000000000006e-05,5.7162000000000006e-05
jev_seed2_046_motor,jev,False,motor,0.8103478339035064,0.8101806489285082,0.8102544599678367,7.381103932857513e-05,8944,553,2631,144,,200,,jev-1.13.0,0.00011050200000000001,0.00011050200000000001
jev_seed2_047_intent,jev,False,intent,0.35660898010246456,0.3565266369841993,0.35656906105577946,4.2424071580171585e-05,3730,268,1361,76,,200,,jev-1.13.0,5.7162000000000006e-05,5.7162000000000006e-05
jev_seed2_047_motor,jev,False,motor,0.484256261959672,0.48413833300583065,0.4841892379336059,5.0904927775263786e-05,8944,554,2631,144,,200,,jev-1.13.0,0.00011050200000000001,0.00011050200000000001
jev_seed2_048_intent,jev,False,intent,0.3769823210313916,0.3768203950021416,0.3768985269125551,7.813191041350365e-05,3730,268,1361,76,,200,,jev-1.13.0,5.7162000000000006e-05,5.7162000000000006e-05
jev_seed2_048_motor,jev,False,motor,0.43998305802233517,0.43986074114218354,0.4399130269885063,5.228584632277489e-05,8944,554,2631,144,,200,,jev-1.13.0,0.00011050200000000001,0.00011050200000000001
jev_seed2_049_intent,jev,False,intent,0.33618965605273843,0.33610152010805905,0.3361467809882015,4.526088014245033e-05,3730,268,1361,76,,200,,jev-1.13.0,5.7162000000000006e-05,5.7162000000000006e-05
jev_seed2_049_motor,jev,False,motor,0.7299779299646616,0.7298222607932985,0.7298896568827331,6.739608943462372e-05,8944,553,2631,144,,200,,jev-1.13.0,0.00011050200000000001,0.00011050200000000001
jev_seed2_050_intent,jev,False,intent,0.38299491396173835,0.38283780799247324,0.3829198780003935,8.20700079202652e-05,3729,268,1360,76,,200,,jev-1.13.0,5.712e-05,5.712e-05
jev_seed2_050_motor,jev,False,motor,0.43714408995583653,0.4370032958686352,0.43706474895589054,6.14530872553587e-05,8943,553,2630,144,,200,,jev-1.13.0,0.00011046000000000001,0.00011046000000000001
jev_seed2_051_intent,jev,False,intent,0.37737486977130175,0.3771662979852408,0.3772704158909619,0.00010411790572106838,3729,269,1361,76,,200,,jev-1.13.0,5.7162000000000006e-05,5.7162000000000006e-05
jev_seed2_051_motor,jev,False,motor,0.4298840679693967,0.42969395709224045,0.42977473814971745,8.078105747699738e-05,8947,561,2631,144,,200,,jev-1.13.0,0.00011050200000000001,0.00011050200000000001
jev_seed2_052_intent,jev,False,intent,0.3454669159837067,0.34526023804210126,0.3453640788793564,0.00010384083725512028,3730,269,1361,76,,200,,jev-1.13.0,5.7162000000000006e-05,5.7162000000000006e-05
jev_seed2_052_motor,jev,False,motor,0.44844134408049285,0.4482602581847459,0.44833953119814396,7.927301339805126e-05,8948,559,2631,144,,200,,jev-1.13.0,0.00011050200000000001,0.00011050200000000001
jev_seed2_053_intent,jev,False,intent,0.3293094539549202,0.3290821579284966,0.32919639395549893,0.0001142360270023346,3727,269,1358,76,,200,,jev-1.13.0,5.7036e-05,5.7036e-05
jev_seed2_053_motor,jev,False,motor,0.46952451998367906,0.4694005879573524,0.46944895712658763,4.836916923522949e-05,8943,558,2626,144,,200,,jev-1.13.0,0.00011029200000000001,0.00011029200000000001
jev_seed2_054_intent,jev,False,intent,0.3877340289764106,0.38762177992612123,0.387678402941674,5.662301555275917e-05,3727,269,1358,76,,200,,jev-1.13.0,5.7036e-05,5.7036e-05
jev_seed2_054_motor,jev,False,motor,0.4258823280688375,0.425713948905468,0.4257875189650804,7.357005961239338e-05,8943,559,2626,144,,200,,jev-1.13.0,0.00011029200000000001,0.00011029200000000001
jev_seed2_055_intent,jev,False,intent,0.33764775516465306,0.3375520301051438,0.3376002211589366,4.819105379283428e-05,3726,269,1357,76,,200,,jev-1.13.0,5.6994000000000004e-05,5.6994000000000004e-05
jev_seed2_055_motor,jev,False,motor,0.40977163100615144,0.4095620568841696,0.40965457004494965,9.251316078007221e-05,8942,559,2625,144,,200,,jev-1.13.0,0.00011025,0.00011025
jev_seed2_056_intent,jev,False,intent,0.3474788449238986,0.3474015728570521,0.3474405608139932,3.898795694112778e-05,3727,269,1358,76,,200,,jev-1.13.0,5.7036e-05,5.7036e-05
jev_seed2_056_motor,jev,False,motor,0.6638823919929564,0.6637657738756388,0.6638167039491236,5.0930073484778404e-05,8943,559,2626,144,,200,,jev-1.13.0,0.00011029200000000001,0.00011029200000000001
jev_seed2_057_intent,jev,False,intent,0.45174131193198264,0.45162225095555186,0.45168134407140315,5.9093115851283073e-05,3727,269,1358,76,,200,,jev-1.13.0,5.7036e-05,5.7036e-05
jev_seed2_057_motor,jev,False,motor,0.478358255000785,0.47812502714805305,0.47822376200929284,9.873486123979092e-05,8943,587,2626,144,,200,,jev-1.13.0,0.00011029200000000001,0.00011029200000000001
jev_seed2_058_intent,jev,False,intent,0.7964283179026097,0.7962925699539483,0.7963587008416653,6.613088771700859e-05,3727,269,1358,76,,200,,jev-1.13.0,5.7036e-05,5.7036e-05
jev_seed2_058_motor,jev,False,motor,0.475727821001783,0.47555231396108866,0.4756283999886364,7.60860275477171e-05,8943,559,2626,144,,200,,jev-1.13.0,0.00011029200000000001,0.00011029200000000001
jev_seed2_059_intent,jev,False,intent,0.32958802790381014,0.3294874739367515,0.3295365530066192,4.907906986773014e-05,3726,269,1357,76,,200,,jev-1.13.0,5.6994000000000004e-05,5.6994000000000004e-05
jev_seed2_059_motor,jev,False,motor,0.4494361369870603,0.4493109218310565,0.44936023792251945,4.931609146296978e-05,8941,561,2624,144,,200,,jev-1.13.0,0.00011020800000000001,0.00011020800000000001
jev_seed2_060_intent,jev,False,intent,0.6234226850792766,0.6233205280732363,0.6233702639583498,4.973588511347771e-05,3722,269,1353,76,,200,,jev-1.13.0,5.6826e-05,5.6826e-05
jev_seed2_060_motor,jev,False,motor,0.5588480089791119,0.5586865509394556,0.5587577088735998,7.115793414413929e-05,8935,574,2618,144,,200,,jev-1.13.0,0.000109956,0.000109956
jev_seed2_061_intent,jev,False,intent,0.3524172818288207,0.35227857786230743,0.35234933090396225,7.075304165482521e-05,3723,269,1354,76,,200,,jev-1.13.0,5.6868000000000005e-05,5.6868000000000005e-05
jev_seed2_061_motor,jev,False,motor,0.7001770930364728,0.7000261910725385,0.7000916979741305,6.550690159201622e-05,8936,560,2621,144,,200,,jev-1.13.0,0.00011008200000000001,0.00011008200000000001
jev_seed2_062_intent,jev,False,intent,0.3247526369523257,0.3246544620487839,0.32470394507981837,4.9483031034469604e-05,3724,269,1355,76,,200,,jev-1.13.0,5.691e-05,5.691e-05
jev_seed2_062_motor,jev,False,motor,0.5057999929413199,0.505692247999832,0.5057399028446525,4.765484482049942e-05,8937,561,2622,144,,200,,jev-1.13.0,0.000110124,0.000110124
jev_seed2_063_intent,jev,False,intent,0.3180324400309473,0.31792660313658416,0.31798171112313867,5.510798655450344e-05,3724,269,1355,76,,200,,jev-1.13.0,5.691e-05,5.691e-05
jev_seed2_063_motor,jev,False,motor,0.5183177071157843,0.5181468010414392,0.5182195610832423,7.276004180312157e-05,8937,561,2622,144,,200,,jev-1.13.0,0.000110124,0.000110124
jev_seed2_064_intent,jev,False,intent,0.3713969679083675,0.37127942801453173,0.37133932393044233,5.9895915910601616e-05,3724,269,1355,76,,200,,jev-1.13.0,5.691e-05,5.691e-05
jev_seed2_064_motor,jev,False,motor,0.5856991109903902,0.5856056748889387,0.5856463320087641,4.065711982548237e-05,8937,554,2622,144,,200,,jev-1.13.0,0.000110124,0.000110124
jev_seed2_065_intent,jev,False,intent,0.3109890120103955,0.3108039458747953,0.31089591491036117,9.196903556585312e-05,3723,269,1354,76,,200,,jev-1.13.0,5.6868000000000005e-05,5.6868000000000005e-05
jev_seed2_065_motor,jev,False,motor,0.4552757451310754,0.45507199014537036,0.45515931909903884,8.732895366847515e-05,8936,555,2621,144,,200,,jev-1.13.0,0.00011008200000000001,0.00011008200000000001
jev_seed2_066_intent,jev,False,intent,0.304140096064657,0.3040243911091238,0.30408262414857745,5.823303945362568e-05,3724,268,1354,76,,200,,jev-1.13.0,5.6868000000000005e-05,5.6868000000000005e-05
jev_seed2_066_motor,jev,False,motor,0.38977993093430996,0.3895546270068735,0.3896505308803171,9.590387344360352e-05,8932,555,2620,144,,200,,jev-1.13.0,0.00011004000000000001,0.00011004000000000001
jev_seed2_067_intent,jev,False,intent,0.3439255349803716,0.34380762092769146,0.34386819298379123,6.057205609977245e-05,3722,269,1354,76,,200,,jev-1.13.0,5.6868000000000005e-05,5.6868000000000005e-05
jev_seed2_067_motor,jev,False,motor,0.4858649899251759,0.48574113100767136,0.485790581908077,4.945090040564537e-05,8934,556,2620,144,,200,,jev-1.13.0,0.00011004000000000001,0.00011004000000000001
jev_seed2_068_intent,jev,False,intent,0.3451259401626885,0.34502390306442976,0.3450733460485935,4.944298416376114e-05,3723,270,1354,76,,200,,jev-1.13.0,5.6868000000000005e-05,5.6868000000000005e-05
jev_seed2_068_motor,jev,False,motor,0.4153219168074429,0.41516479081474245,0.41523214895278215,6.735813803970814e-05,8935,557,2620,144,,200,,jev-1.13.0,0.00011004000000000001,0.00011004000000000001
jev_seed2_069_intent,jev,False,intent,0.3493327770847827,0.34923463710583746,0.34928203700110316,4.739989526569843e-05,3726,270,1357,76,,200,,jev-1.13.0,5.6994000000000004e-05,5.6994000000000004e-05
jev_seed2_069_motor,jev,False,motor,0.40723521122708917,0.40711166500113904,0.4071598150767386,4.81500755995512e-05,8940,570,2625,144,,200,,jev-1.13.0,0.00011025,0.00011025
jev_seed2_070_intent,jev,False,intent,0.34603459713980556,0.3458835519850254,0.3459590030834079,7.545109838247299e-05,3725,270,1356,76,,200,,jev-1.13.0,5.6952000000000006e-05,5.6952000000000006e-05
jev_seed2_070_motor,jev,False,motor,0.39418962108902633,0.3940649600699544,0.39411472622305155,4.976615309715271e-05,8939,561,2624,144,,200,,jev-1.13.0,0.00011020800000000001,0.00011020800000000001
jev_seed2_071_intent,jev,False,intent,0.4546081889420748,0.4545089527964592,0.4545566728338599,4.7720037400722504e-05,3726,269,1357,76,,200,,jev-1.13.0,5.6994000000000004e-05,5.6994000000000004e-05
jev_seed2_071_motor,jev,False,motor,0.6499915800523013,0.6497977818362415,0.6498803358990699,8.255406282842159e-05,8940,556,2625,144,,200,,jev-1.13.0,0.00011025,0.00011025
jev_seed2_072_intent,jev,False,intent,0.8736186849419028,0.8735176550690085,0.87356719491072,4.953984171152115e-05,3726,270,1357,76,,200,,jev-1.13.0,5.6994000000000004e-05,5.6994000000000004e-05
jev_seed2_072_motor,jev,False,motor,0.43089692620560527,0.4307733990717679,0.4308222180698067,4.881899803876877e-05,8940,556,2625,144,,200,,jev-1.13.0,0.00011025,0.00011025
jev_seed2_073_intent,jev,False,intent,0.3092399979941547,0.30913793109357357,0.30918660294264555,4.867184907197952e-05,3726,269,1357,76,,200,,jev-1.13.0,5.6994000000000004e-05,5.6994000000000004e-05
jev_seed2_073_motor,jev,False,motor,0.8038796579930931,0.8036131700500846,0.8037306698970497,0.00011749984696507454,8940,555,2625,144,,200,,jev-1.13.0,0.00011025,0.00011025
jev_seed2_074_intent,jev,False,intent,0.3643871119711548,0.36427839705720544,0.3643323960714042,5.399901419878006e-05,3726,270,1357,76,,200,,jev-1.13.0,5.6994000000000004e-05,5.6994000000000004e-05
jev_seed2_074_motor,jev,False,motor,0.4777848538942635,0.47759375791065395,0.47767418483272195,8.042692206799984e-05,8940,555,2625,144,,200,,jev-1.13.0,0.00011025,0.00011025
jev_seed2_075_intent,jev,False,intent,0.4735206118784845,0.47342097805812955,0.47346973698586226,4.875892773270607e-05,3725,269,1356,76,,200,,jev-1.13.0,5.6952000000000006e-05,5.6952000000000006e-05
jev_seed2_075_motor,jev,False,motor,0.5207165880128741,0.5205812889616936,0.5206310970243067,4.9808062613010406e-05,8939,556,2624,144,,200,,jev-1.13.0,0.00011020800000000001,0.00011020800000000001
jev_seed2_076_intent,jev,False,intent,0.47208257392048836,0.4719820029567927,0.47203071787953377,4.871492274105549e-05,3726,270,1357,76,,200,,jev-1.13.0,5.6994000000000004e-05,5.6994000000000004e-05
jev_seed2_076_motor,jev,False,motor,0.4153984300792217,0.4152730549685657,0.4153221610467881,4.910607822239399e-05,8940,556,2625,144,,200,,jev-1.13.0,0.00011025,0.00011025
jev_seed2_077_intent,jev,False,intent,0.5768011878244579,0.5766997719183564,0.576749118976295,4.9347057938575745e-05,3725,270,1356,76,,200,,jev-1.13.0,5.6952000000000006e-05,5.6952000000000006e-05
jev_seed2_077_motor,jev,False,motor,0.44361085491254926,0.4435218460857868,0.4435603909660131,3.854488022625446e-05,8938,557,2623,144,,200,,jev-1.13.0,0.00011016600000000002,0.00011016600000000002
jev_seed2_078_intent,jev,False,intent,0.3209491369780153,0.3208697240334004,0.3209091869648546,3.946293145418167e-05,3725,269,1356,76,,200,,jev-1.13.0,5.6952000000000006e-05,5.6952000000000006e-05
jev_seed2_078_motor,jev,False,motor,0.5827213539741933,0.5825664889998734,0.5826332261785865,6.673717871308327e-05,8938,555,2623,144,,200,,jev-1.13.0,0.00011016600000000002,0.00011016600000000002
jev_seed2_079_intent,jev,False,intent,0.38426907709799707,0.38417308195494115,0.3842220660299063,4.898407496511936e-05,3726,268,1356,76,,200,,jev-1.13.0,5.6952000000000006e-05,5.6952000000000006e-05
jev_seed2_079_motor,jev,False,motor,0.46457313001155853,0.4644412558991462,0.4644992519170046,5.799601785838604e-05,8935,555,2623,144,,200,,jev-1.13.0,0.00011016600000000002,0.00011016600000000002
jev_seed2_080_intent,jev,False,intent,1.4476146961096674,1.4474222359713167,1.4474916430190206,6.940704770386219e-05,3723,269,1355,76,,200,,jev-1.13.0,5.691e-05,5.691e-05
jev_seed2_080_motor,jev,False,motor,0.4892098589334637,0.48908868012949824,0.4891436561010778,5.49759715795517e-05,8936,557,2622,144,,200,,jev-1.13.0,0.000110124,0.000110124
jev_seed2_081_intent,jev,False,intent,0.6122478360775858,0.612156238174066,0.612204940058291,4.870188422501087e-05,3725,269,1356,76,,200,,jev-1.13.0,5.6952000000000006e-05,5.6952000000000006e-05
jev_seed2_081_motor,jev,False,motor,0.4660982380155474,0.4660024610348046,0.46604432398453355,4.186294972896576e-05,8938,554,2623,144,,200,,jev-1.13.0,0.00011016600000000002,0.00011016600000000002
jev_seed2_082_intent,jev,False,intent,0.33241524011828005,0.33227386814542115,0.3323443471454084,7.04789999872446e-05,3724,271,1356,76,,200,,jev-1.13.0,5.6952000000000006e-05,5.6952000000000006e-05
jev_seed2_082_motor,jev,False,motor,0.6003687330521643,0.6002369271591306,0.6002968221437186,5.9894984588027e-05,8937,560,2620,144,,200,,jev-1.13.0,0.00011004000000000001,0.00011004000000000001
jev_seed2_083_intent,jev,False,intent,0.5034431461244822,0.5033416610676795,0.5033911280333996,4.946696572005749e-05,3725,271,1356,76,,200,,jev-1.13.0,5.6952000000000006e-05,5.6952000000000006e-05
jev_seed2_083_motor,jev,False,motor,0.9438901098910719,0.9437690849881619,0.9438298030290753,6.071804091334343e-05,8938,559,2620,144,,200,,jev-1.13.0,0.00011004000000000001,0.00011004000000000001
jev_seed2_084_intent,jev,False,intent,0.3978734838310629,0.39777366700582206,0.3978219679556787,4.830094985663891e-05,3724,270,1355,76,,200,,jev-1.13.0,5.691e-05,5.691e-05
jev_seed2_084_motor,jev,False,motor,0.8659872079733759,0.8658462259918451,0.865902264136821,5.603814497590065e-05,8936,562,2618,144,,200,,jev-1.13.0,0.000109956,0.000109956
jev_seed2_085_intent,jev,False,intent,0.5774598040152341,0.5773545391857624,0.5774075191002339,5.297991447150707e-05,3722,269,1353,76,,200,,jev-1.13.0,5.6826e-05,5.6826e-05
jev_seed2_085_motor,jev,False,motor,0.6867717429995537,0.6864643241278827,0.6865950480569154,0.00013072392903268337,8934,560,2616,144,,200,,jev-1.13.0,0.000109872,0.000109872
jev_seed2_086_intent,jev,False,intent,0.3907533490564674,0.3906607439275831,0.3907060599885881,4.53160610049963e-05,3723,270,1354,76,,200,,jev-1.13.0,5.6868000000000005e-05,5.6868000000000005e-05
jev_seed2_086_motor,jev,False,motor,0.589472051942721,0.5893707741051912,0.5894157129805535,4.493887536227703e-05,8935,557,2617,144,,200,,jev-1.13.0,0.000109914,0.000109914
jev_seed2_087_intent,jev,False,intent,0.3571744419168681,0.3569975208956748,0.3570882258936763,9.070499800145626e-05,3720,270,1351,76,,200,,jev-1.13.0,5.674200000000001e-05,5.674200000000001e-05
jev_seed2_087_motor,jev,False,motor,0.518441661959514,0.5181558830663562,0.5182784488424659,0.00012256577610969543,8930,562,2612,144,,200,,jev-1.13.0,0.000109704,0.000109704
jev_seed2_088_intent,jev,False,intent,0.3655063600745052,0.36531863012351096,0.3654097351245582,9.110500104725361e-05,3720,283,1351,76,,200,,jev-1.13.0,5.674200000000001e-05,5.674200000000001e-05
jev_seed2_088_motor,jev,False,motor,0.5857340900693089,0.5855283769778907,0.5856043100357056,7.59330578148365e-05,8930,556,2612,144,,200,,jev-1.13.0,0.000109704,0.000109704
jev_seed2_089_intent,jev,False,intent,0.32308084098622203,0.32299712114036083,0.32304045115597546,4.333001561462879e-05,3720,270,1351,76,,200,,jev-1.13.0,5.674200000000001e-05,5.674200000000001e-05
jev_seed2_089_motor,jev,False,motor,0.6252703189384192,0.6251454940065742,0.6251961998641491,5.070585757493973e-05,8930,556,2612,144,,200,,jev-1.13.0,0.000109704,0.000109704
jev_seed2_090_intent,jev,False,intent,0.8208768349140882,0.8207751889713109,0.82082434091717,4.91519458591938e-05,3719,270,1350,76,,200,,jev-1.13.0,5.67e-05,5.67e-05
jev_seed2_090_motor,jev,False,motor,0.633531800005585,0.6334057128988206,0.6334561379626393,5.042506381869316e-05,8929,560,2611,144,,200,,jev-1.13.0,0.00010966200000000001,0.00010966200000000001
jev_seed2_091_intent,jev,False,intent,0.37151750014163554,0.3713998240418732,0.3714581751264632,5.835108458995819e-05,3720,270,1351,76,,200,,jev-1.13.0,5.674200000000001e-05,5.674200000000001e-05
jev_seed2_091_motor,jev,False,motor,0.4864470409229398,0.4863227668683976,0.48637620406225324,5.343719385564327e-05,8930,556,2612,144,,200,,jev-1.13.0,0.000109704,0.000109704
jev_seed2_092_intent,jev,False,intent,0.3158666701056063,0.3157654250971973,0.3158144489862025,4.9023889005184174e-05,3720,270,1351,76,,200,,jev-1.13.0,5.674200000000001e-05,5.674200000000001e-05
jev_seed2_092_motor,jev,False,motor,0.47417278797365725,0.4740734859369695,0.4741177388932556,4.425295628607273e-05,8930,556,2612,144,,200,,jev-1.13.0,0.000109704,0.000109704
jev_seed2_093_intent,jev,False,intent,0.37882435810752213,0.37872277409769595,0.378771805902943,4.9031805247068405e-05,3719,270,1350,76,,200,,jev-1.13.0,5.67e-05,5.67e-05
jev_seed2_093_motor,jev,False,motor,0.5362161030061543,0.5361199828330427,0.5361634020227939,4.3419189751148224e-05,8928,556,2610,144,,200,,jev-1.13.0,0.00010962000000000001,0.00010962000000000001
jev_seed2_094_intent,jev,False,intent,0.3710770958568901,0.3708104048855603,0.370943543035537,0.00013313814997673035,3719,270,1350,76,,200,,jev-1.13.0,5.67e-05,5.67e-05
jev_seed2_094_motor,jev,False,motor,0.4532249220646918,0.45309708500280976,0.4531487750355154,5.1690032705664635e-05,8928,564,2610,144,,200,,jev-1.13.0,0.00010962000000000001,0.00010962000000000001
jev_seed2_095_intent,jev,False,intent,0.34099120693281293,0.3408622448332608,0.34092599200084805,6.374716758728027e-05,3718,270,1349,76,,200,,jev-1.13.0,5.6658e-05,5.6658e-05
jev_seed2_095_motor,jev,False,motor,0.5556742488406599,0.555542942835018,0.5556029959116131,6.005307659506798e-05,8927,557,2609,144,,200,,jev-1.13.0,0.000109578,0.000109578
jev_seed2_096_intent,jev,False,intent,0.34402464190497994,0.3438605049159378,0.3439583769068122,9.787199087440968e-05,3719,270,1350,76,,200,,jev-1.13.0,5.67e-05,5.67e-05
jev_seed2_096_motor,jev,False,motor,0.44152610399760306,0.4413891858421266,0.4414515888784081,6.240303628146648e-05,8928,557,2610,144,,200,,jev-1.13.0,0.00010962000000000001,0.00010962000000000001
jev_seed2_097_intent,jev,False,intent,0.6375625599175692,0.637460826896131,0.6375106959603727,4.986906424164772e-05,3718,271,1350,76,,200,,jev-1.13.0,5.67e-05,5.67e-05
jev_seed2_097_motor,jev,False,motor,1.2484731290023774,1.2483500468079,1.2483999128453434,4.986603744328022e-05,8935,551,2610,144,,200,,jev-1.13.0,0.00010962000000000001,0.00010962000000000001
jev_seed2_098_intent,jev,False,intent,0.3270463419612497,0.32694507017731667,0.32699463213793933,4.9561960622668266e-05,3704,273,1343,76,,200,,jev-1.13.0,5.640600000000001e-05,5.640600000000001e-05
jev_seed2_098_motor,jev,False,motor,0.45573117583990097,0.4554988469462842,0.4555949638597667,9.61169134825468e-05,8926,554,2613,144,,200,,jev-1.13.0,0.000109746,0.000109746
jev_seed2_099_intent,jev,False,intent,0.33725910214707255,0.3371082569938153,0.33718619821593165,7.794122211635113e-05,3708,273,1346,76,,200,,jev-1.13.0,5.653200000000001e-05,5.653200000000001e-05
jev_seed2_099_motor,jev,False,motor,0.4453046121634543,0.4451797381043434,0.44523023907095194,5.050096660852432e-05,8932,553,2617,144,,200,,jev-1.13.0,0.000109914,0.000109914
jev_seed2_100_intent,jev,False,intent,0.34351915097795427,0.3433582349680364,0.3434393589850515,8.112401701509953e-05,3709,273,1347,76,,200,,jev-1.13.0,5.6574000000000004e-05,5.6574000000000004e-05
jev_seed2_100_motor,jev,False,motor,0.5825657560490072,0.5824411800131202,0.582490042084828,4.8862071707844734e-05,8934,567,2618,144,,200,,jev-1.13.0,0.000109956,0.000109956
jev_seed2_101_intent,jev,False,intent,0.36539107002317905,0.3652907710056752,0.36533888592384756,4.8114918172359467e-05,3712,272,1350,76,,200,,jev-1.13.0,5.67e-05,5.67e-05
jev_seed2_101_motor,jev,False,motor,0.8255799550097436,0.8254538830369711,0.8255031439475715,4.926091060042381e-05,8939,556,2621,144,,200,,jev-1.13.0,0.00011008200000000001,0.00011008200000000001
jev_seed2_102_intent,jev,False,intent,0.7759250500239432,0.7757640250492841,0.7758454622235149,8.143717423081398e-05,3712,273,1350,76,,200,,jev-1.13.0,5.67e-05,5.67e-05
jev_seed2_102_motor,jev,False,motor,0.5640338598750532,0.5638426528312266,0.5639231838285923,8.053099736571312e-05,8939,555,2621,144,,200,,jev-1.13.0,0.00011008200000000001,0.00011008200000000001
jev_seed2_103_intent,jev,False,intent,0.39241307391785085,0.3923141430132091,0.39236227003857493,4.812702536582947e-05,3713,273,1351,76,,200,,jev-1.13.0,5.674200000000001e-05,5.674200000000001e-05
jev_seed2_103_motor,jev,False,motor,0.5201828521676362,0.5200539820361882,0.5201049370225519,5.095498636364937e-05,8941,569,2623,144,,200,,jev-1.13.0,0.00011016600000000002,0.00011016600000000002
jev_seed2_104_intent,jev,False,intent,0.5003570339176804,0.5002328050322831,0.5002967449836433,6.393995136022568e-05,3713,273,1351,76,,200,,jev-1.13.0,5.674200000000001e-05,5.674200000000001e-05
jev_seed2_104_motor,jev,False,motor,0.7844697739928961,0.7843282630201429,0.7843899349682033,6.167194806039333e-05,8941,555,2623,144,,200,,jev-1.13.0,0.00011016600000000002,0.00011016600000000002
jev_seed2_105_intent,jev,False,intent,0.3734362230170518,0.3732536358293146,0.3733448239509016,9.118812158703804e-05,3714,272,1352,76,,200,,jev-1.13.0,5.6784000000000004e-05,5.6784000000000004e-05
jev_seed2_105_motor,jev,False,motor,0.6152792719658464,0.6151683640200645,0.6152166179381311,4.825391806662083e-05,8943,553,2625,144,,200,,jev-1.13.0,0.00011025,0.00011025
probe_0_0_deepseek,deepseek,True,intent,1.13115089898929,0.46696646488271654,1.131089824019,0.6641233591362834,4269,487,1082,7,896,200,,deepseek-flash,3.4788e-05,6.9576e-05
probe_0_0_jev,jev,True,intent,0.7087325800675899,0.7085686752106994,0.7086551561951637,8.648098446428776e-05,3708,269,1355,78,,200,,jev-1.13.0,5.691e-05,5.691e-05
probe_0_105_deepseek,deepseek,True,motor,0.7536750119179487,0.3709371439181268,0.7535906918346882,0.38265354791656137,9587,537,2467,26,0,200,,deepseek-flash,0.00038565,0.0007713
probe_0_105_jev,jev,True,motor,0.620277572888881,0.6201470699161291,0.620206557912752,5.9487996622920036e-05,8925,556,2612,144,,200,,jev-1.13.0,0.000109704,0.000109704
probe_0_15_deepseek,deepseek,True,motor,0.8173475179355592,0.31905078887939453,0.8172882830258459,0.49823749414645135,9614,533,2460,26,0,200,,deepseek-flash,0.0003846,0.0007692
probe_0_15_jev,jev,True,motor,0.3595080568920821,0.35939920297823846,0.35944822896271944,4.902598448097706e-05,8952,554,2632,144,,200,,jev-1.13.0,0.00011054400000000002,0.00011054400000000002
probe_0_30_deepseek,deepseek,True,intent,0.6787533580791205,0.32731364597566426,0.6786988379899412,0.351385192014277,4274,484,1086,7,0,200,,deepseek-flash,0.0001671,0.0003342
probe_0_30_jev,jev,True,intent,0.359322811011225,0.359138686908409,0.3592327078804374,9.402097202837467e-05,3711,273,1347,78,,200,,jev-1.13.0,5.6574000000000004e-05,5.6574000000000004e-05
probe_0_45_deepseek,deepseek,True,motor,0.8231442398391664,0.32159387692809105,0.8230677209794521,0.5014738440513611,9607,537,2465,26,0,200,,deepseek-flash,0.00038535,0.0007707
probe_0_45_jev,jev,True,motor,0.32066259486600757,0.3204986588098109,0.32057090499438345,7.224618457257748e-05,8941,555,2628,144,,200,,jev-1.13.0,0.000110376,0.000110376
probe_0_60_deepseek,deepseek,True,intent,1.2527203930076212,0.30111908516846597,1.2525919971521944,0.9514729119837284,4293,481,1092,8,0,200,,deepseek-flash,0.0001686,0.0003372
probe_0_60_jev,jev,True,intent,0.3409894739743322,0.3407960769254714,0.3408943850081414,9.830808266997337e-05,3726,269,1357,76,,200,,jev-1.13.0,5.6994000000000004e-05,5.6994000000000004e-05
probe_0_75_deepseek,deepseek,True,motor,0.9501365560572594,0.33207206591032445,0.9500767008867115,0.618004634976387,9605,537,2470,26,0,200,,deepseek-flash,0.0003861,0.0007722
probe_0_75_jev,jev,True,motor,0.34442544099874794,0.34423200506716967,0.3443177160806954,8.571101352572441e-05,8939,556,2624,144,,200,,jev-1.13.0,0.00011020800000000001,0.00011020800000000001
probe_0_90_deepseek,deepseek,True,intent,0.770678335102275,0.30015146895311773,0.7706186310388148,0.47046716208569705,4290,481,1092,7,0,200,,deepseek-flash,0.00016799999999999996,0.00033599999999999993
probe_0_90_jev,jev,True,intent,0.4435330689884722,0.44337933510541916,0.4434568891301751,7.755402475595474e-05,3723,271,1355,76,,200,,jev-1.13.0,5.691e-05,5.691e-05
probe_1_0_deepseek,deepseek,True,intent,1.1103954720310867,0.29371870309114456,1.110337041085586,0.8166183379944414,4269,487,1082,7,896,200,,deepseek-flash,3.4788e-05,6.9576e-05
probe_1_0_jev,jev,True,intent,0.4593576369807124,0.4592580678872764,0.4593074598815292,4.939199425280094e-05,3708,269,1355,78,,200,,jev-1.13.0,5.691e-05,5.691e-05
probe_1_105_deepseek,deepseek,True,motor,1.1177131731528789,0.3136331341229379,1.1175918381195515,0.8039587039966136,9587,542,2467,26,2304,200,,deepseek-flash,4.6961999999999995e-05,9.392399999999999e-05
probe_1_105_jev,jev,True,motor,0.36659461609087884,0.366416621953249,0.3664925820194185,7.596006616950035e-05,8925,556,2612,144,,200,,jev-1.13.0,0.000109704,0.000109704
probe_1_15_deepseek,deepseek,True,motor,1.2917463290505111,0.31302653905004263,1.2916548980865628,0.9786283590365201,9614,531,2460,19,2304,200,,deepseek-flash,4.1711999999999996e-05,8.342399999999999e-05
probe_1_15_jev,jev,True,motor,0.34776187501847744,0.3476409479044378,0.34768819506280124,4.7247158363461494e-05,8952,555,2632,144,,200,,jev-1.13.0,0.00011054400000000002,0.00011054400000000002
probe_1_30_deepseek,deepseek,True,intent,0.6569037539884448,0.3045903870370239,0.6568157789297402,0.3522253918927163,4274,487,1086,7,896,200,,deepseek-flash,3.5388e-05,7.0776e-05
probe_1_30_jev,jev,True,intent,0.7643141560256481,0.7640338139608502,0.7641744259744883,0.00014061201363801956,3711,273,1347,78,,200,,jev-1.13.0,5.6574000000000004e-05,5.6574000000000004e-05
probe_1_45_deepseek,deepseek,True,motor,0.8444402990862727,0.3043519011698663,0.8442483011167496,0.5398963999468833,9607,542,2465,26,2304,200,,deepseek-flash,4.6662e-05,9.3324e-05
probe_1_45_jev,jev,True,motor,0.4289183090440929,0.42880216403864324,0.42885512695647776,5.296291783452034e-05,8941,555,2628,144,,200,,jev-1.13.0,0.000110376,0.000110376
probe_1_60_deepseek,deepseek,True,intent,0.6033549068961293,0.6032015159726143,0.6033091458957642,0.00010762992314994335,4293,484,1092,8,896,200,,deepseek-flash,3.6887999999999996e-05,7.377599999999999e-05
probe_1_60_jev,jev,True,intent,0.32679573306813836,0.3266772630158812,0.32673777593299747,6.051291711628437e-05,3726,269,1357,76,,200,,jev-1.13.0,5.6994000000000004e-05,5.6994000000000004e-05
probe_1_75_deepseek,deepseek,True,motor,0.7116645600181073,0.33394379704259336,0.7115749910008162,0.37763119395822287,9605,535,2470,19,2304,200,,deepseek-flash,4.3212e-05,8.6424e-05
probe_1_75_jev,jev,True,motor,0.3139397350605577,0.31377850798889995,0.3138469390105456,6.843102164566517e-05,8939,554,2624,144,,200,,jev-1.13.0,0.00011020800000000001,0.00011020800000000001
probe_1_90_deepseek,deepseek,True,intent,0.9466793138999492,0.2992775649763644,0.9466367568820715,0.6473591919057071,4290,484,1092,7,896,200,,deepseek-flash,3.6288e-05,7.2576e-05
probe_1_90_jev,jev,True,intent,0.32576235802844167,0.32555882702581584,0.3256556170526892,9.679002687335014e-05,3723,285,1355,76,,200,,jev-1.13.0,5.691e-05,5.691e-05
